external_id,attribute_name,attribute_value
191148,Тип упаковки,пакет
235514,"Вкус, Добавки",Сладкий перец Чили
442005,Технология приготовления,Hand Cooked
442005,Тип упаковки,туба
330880,Форма выпуска,Снеки
344260,Форма выпуска,Листы
257478,Тип упаковки,стеклянная банка
177369,Нарезка,кусочками
239028,Форма выпуска,консервы
239028,Нарезка,филе-кусочки
267027,Тип упаковки,пакет
043793,Тип упаковки,картонная пачка
306956,Тип упаковки,бумажный пакет
258799,Способ обработки,Сушеная
258799,Форма выпуска,Пласт
176647,"Вкус, Добавки",сладкий перец чили и красный перец
176647,Технология приготовления,hand-cooked
259061,"Вкус, Добавки",соль
181587,Форма выпуска,дой-пак
176651,"Вкус, Добавки",морская соль
176651,Технология приготовления,hand-cooked
442004,Технология приготовления,HAND COOKED
225511,Технология приготовления,на открытом огне
320448,"Вкус, Добавки",омега 3
230964,Тип упаковки,пакет
223890,Технология приготовления,Handcooked
247499,"Вкус, Добавки",лайм и розовый перец
285144,Форма выпуска,паста
223891,"Вкус, Добавки",морская соль и черный перец
223891,Технология приготовления,Handcooked
341801,Способ обработки,без обжарки
267055,Тип упаковки,пакет
442006,Технология приготовления,Hand Cooked
442006,Форма выпуска,Crinkled Chips
442006,Тип упаковки,туба
250956,Нарезка,кольцами
125672,Нарезка,ломтики
125672,Способ обработки,dry salted
442003,Технология приготовления,Hand Cooked
233216,Форма выпуска,стейки
254492,"Вкус, Добавки",в мягком маринаде
207337,Способ обработки,Вяленая
351134,"Вкус, Добавки",морская соль и яблочный уксус
394521,"Вкус, Добавки",с солью
423582,Способ обработки,Обжаренные
423582,Тип упаковки,Пакет
426327,"Вкус, Добавки",черный перец и чеснок
423583,Способ обработки,обжаренные
423581,Способ обработки,обжаренные
381415,Тип упаковки,банка
383836,Технология приготовления,Coconut Oil Fried
383836,Тип упаковки,пакет
382599,Тип упаковки,пакет
017741,Форма выпуска,Тонкие хрустящие хлебцы
176656,Технология приготовления,hand-cooked
462364,Форма выпуска,филе
452361,Форма выпуска,консервы
473469,Способ обработки,Roasted
473469,Форма выпуска,Лист
334120,"Вкус, Добавки",Куриные
377779,Тип упаковки,стеклянная банка
340052,"Вкус, Добавки",черный перец
364340,Форма выпуска,консервы
443486,Форма выпуска,сушеные
309842,"Вкус, Добавки",Ваниль
487480,Форма выпуска,пуффы
471141,Форма выпуска,кусочки
471141,Тип упаковки,консервная банка
416184,Технология приготовления,не жареные
445503,"Вкус, Добавки",кунжут
454236,Форма выпуска,снеки
191730,Тип упаковки,картонная коробка
176655,Технология приготовления,hand-cooked
176655,Тип упаковки,пакет
260190,"Вкус, Добавки",Пиво
289863,Тип упаковки,пакет
480118,"Вкус, Добавки",без сахара
480118,"Вкус, Добавки",без соли
335763,Способ обработки,Сушеные
360704,Тип упаковки,пакет
430390,Нарезка,кусочки
430394,Способ обработки,вяленая
430394,Тип упаковки,пакет
426400,"Вкус, Добавки",natural
002068,Тип упаковки,туба
417255,Форма выпуска,консервы
417255,Тип упаковки,стеклянная банка
427466,Способ обработки,вяленая
402577,Форма выпуска,сушеная
402578,Форма выпуска,сушеная
402578,"Вкус, Добавки",специи
402578,Способ обработки,сушеная
402578,Тип упаковки,пакет
487011,"Вкус, Добавки",авторская смесь
428800,"Вкус, Добавки",мята и острый перец
426144,"Вкус, Добавки",без добавления сахара
426144,Форма выпуска,зерна
435110,"Вкус, Добавки",морская соль
493381,Форма выпуска,пласт
506347,"Вкус, Добавки",классический
487012,"Вкус, Добавки",яблоки
487012,"Вкус, Добавки",клубника
487012,"Вкус, Добавки",кешью
487012,"Вкус, Добавки",изюм
487012,"Вкус, Добавки",миндаль
487012,"Вкус, Добавки",фундук
487012,"Вкус, Добавки",грецкий орех
468064,Форма выпуска,кусок
492040,"Вкус, Добавки",с паприкой
501534,Форма выпуска,целые
497525,"Вкус, Добавки",ароматный
508813,Форма выпуска,Листы
597229,Форма выпуска,Роллы
597229,"Вкус, Добавки",Угорь
597229,Способ обработки,Жареный
1017582,Тип упаковки,Пакет
1019249,Технология приготовления,Oven baked
1019783,"Вкус, Добавки",красная икра
1018567,Тип упаковки,банка
1019383,Способ обработки,Запекаются
589337,Форма выпуска,дольки
1015303,Форма выпуска,чипсы
1015303,Тип упаковки,пакет
1019784,Форма выпуска,рифленые
592071,Форма выпуска,шарики
1019250,Технология приготовления,Oven baked
1015300,"Вкус, Добавки",пекан
1015300,Технология приготовления,безопасная обработка
1015711,"Вкус, Добавки",кунафа
1015711,Форма выпуска,плитка
1015711,Тип упаковки,обертка
520851,Технология приготовления,Oven baked
525149,Форма выпуска,целая
522239,"Вкус, Добавки",перец чили
530215,Нарезка,ломтики
518434,"Вкус, Добавки",чеснок
518434,"Вкус, Добавки",лук
518434,"Вкус, Добавки",специи
523759,"Вкус, Добавки",лосось
531191,Технология приготовления,приготовлено на открытом огне
525111,Форма выпуска,консервы
525111,Тип упаковки,жестяная банка
525991,Форма выпуска,ломтики
537280,Тип упаковки,Пакет
535609,"Вкус, Добавки",Sweet Corn Kernels
535608,"Вкус, Добавки",с витаминами
541875,Технология приготовления,handcooked
530213,Нарезка,ломтики
537281,Технология приготовления,BAKED
537738,"Вкус, Добавки",Без глютена
541873,Технология приготовления,handcooked
541873,Тип упаковки,пакет
530214,Нарезка,ломтики
541874,"Вкус, Добавки",сыр и лук
541874,Технология приготовления,handcooked
540021,"Вкус, Добавки",просекко и перец чили серрано
540021,Технология приготовления,hand cooked
541876,Технология приготовления,handcooked
551937,Способ обработки,Заморожено
519619,Способ обработки,холодного копчения
519619,Тип упаковки,Газомодифицированная среда
551938,"Вкус, Добавки",морская соль и чёрный перец
568657,"Вкус, Добавки",белый трюфель
568657,"Вкус, Добавки",морская соль
563449,Тип упаковки,коробка
554924,Способ обработки,дважды обжаренный
554924,Тип упаковки,пакет
557270,Нарезка,ломтики
572388,Форма выпуска,жидкий
556441,Тип упаковки,пакет
1000003,"Вкус, Добавки",с пряностями
1001367,Технология приготовления,Baked
1001368,Технология приготовления,Baked
1001060,"Вкус, Добавки",розовый перец и морская соль
1001060,Способ обработки,жареная
1001060,Форма выпуска,рифлёные
1001059,"Вкус, Добавки",морская соль и черный перец
1001059,Технология приготовления,жареная
1002945,Способ обработки,Roasted
1003101,Форма выпуска,целые
1003101,Тип упаковки,стеклянная банка
1002490,Способ обработки,Сушеные
1004904,Форма выпуска,соломка
1010670,Технология приготовления,OVEN ROASTED
1012606,Тип упаковки,пакет
1010299,Форма выпуска,Чипсы
1010299,Способ обработки,Не жареный
1010299,Тип упаковки,Пакет
1012602,"Вкус, Добавки",Без красителей
1012602,"Вкус, Добавки",Без добавления сахара
1012602,"Вкус, Добавки",Без консервантов
1012602,"Вкус, Добавки",Без лимонной кислоты
1008962,"Вкус, Добавки",сладкий перец с зелёным луком
1012607,Технология приготовления,Artesanal
1012607,Форма выпуска,Extra Crujientes
1014245,Тип упаковки,пакет
1005989,Форма выпуска,целая
1014244,Тип упаковки,пакет
1000646,Форма выпуска,зерна
1012608,"Вкус, Добавки",козий сыр и карамелизированный лук
1007781,Форма выпуска,целая тушка
1022205,"Вкус, Добавки",лимон и черный перец
1012796,"Вкус, Добавки",запечённый перец
1021443,Форма выпуска,листы
1021665,"Вкус, Добавки",острый перец
1021019,Способ обработки,"Запекаются, а не жарятся"
466826,Форма выпуска,молотый
177020,Тип упаковки,банка
228948,Нарезка,крупное
000121,Форма выпуска,стручковый перец
066659,Форма выпуска,бутылка
187036,Форма выпуска,Пассата
307117,Форма выпуска,жидкость
266209,Тип соуса,чили
026146,Форма выпуска,жидкость
248245,"Вкус, Добавки",томаты
223631,"Вкус, Добавки",Сладкий
243045,Тип упаковки,стеклянная банка
180034,Форма выпуска,дой-пак
207075,Тип упаковки,солонка
313234,"Вкус, Добавки","каперсы, петрушка, чеснок, перец острый"
295896,Форма выпуска,консервы
226954,Тип упаковки,стеклянная банка
204391,Тип соуса,Arrabbiata
250670,Тип упаковки,картонная коробка
003802,Форма выпуска,консервы
003802,Тип упаковки,жестяная банка
142352,Тип упаковки,стеклянная банка
226984,Тип упаковки,стеклянная банка
155174,Тип упаковки,банка
180532,Тип упаковки,стеклянная банка
156209,Форма выпуска,кусковой
304622,Способ обработки,Холодный отжим
170450,"Вкус, Добавки",демерара
184744,"Вкус, Добавки",чеснок
184744,"Вкус, Добавки",лук
184744,"Вкус, Добавки",тимьян
164030,Форма выпуска,Горошек
164030,"Вкус, Добавки",Смесь перцев
258347,Форма выпуска,сахар-песок
258347,Тип упаковки,пакет
312145,Тип упаковки,стеклянная банка
312145,"Вкус, Добавки",с травами
282763,Форма выпуска,консервы
282763,Тип упаковки,жестяная банка
164014,Тип упаковки,пакет
195343,"Вкус, Добавки",Extra Virgin
214141,"Вкус, Добавки",Ароматизированный
237468,Форма выпуска,нерафинированное
155177,Форма выпуска,зернистая
027166,Форма выпуска,Пресервы
263284,Нарезка,ломтиками
173054,"Вкус, Добавки",Классический с пармезаном и чесноком
239080,Форма выпуска,В мельнице
339508,Форма выпуска,Бутылка
339508,"Вкус, Добавки",Фруктовый
312148,"Вкус, Добавки",Arrabbiata
307111,Форма выпуска,бутылка
187034,Форма выпуска,пассата
187034,Тип упаковки,стеклянная бутылка
215440,Форма выпуска,Бутылка
125382,Форма выпуска,целые
125382,Тип упаковки,стеклянная банка
256592,Тип упаковки,Вакуумная упаковка
325401,"Вкус, Добавки",фруктовый
295217,Тип упаковки,стеклянная банка
344549,Способ обработки,непастеризованный
018738,"Вкус, Добавки",Маринад
198461,Форма выпуска,готовый соус
198461,Тип упаковки,стеклянная банка
244592,"Вкус, Добавки",Цитрусы
089961,Форма выпуска,Консервы
224675,"Вкус, Добавки","каперсы, чеснок, орегано, петрушка, базилик"
224675,Тип упаковки,стеклянная банка
258346,Форма выпуска,Сахар-песок
313229,Форма выпуска,целые
313229,Тип упаковки,стеклянная банка
005154,Форма выпуска,жидкость
319303,Технология приготовления,на пару
231588,"Вкус, Добавки","зелёный болгарский перец, синий баклажан"
025791,Форма выпуска,кусковой
248246,"Вкус, Добавки",томаты
250632,Нарезка,Ломтики
213401,"Вкус, Добавки",специи
213401,Тип упаковки,пакет
320475,Способ обработки,холодного копчения
242374,Тип упаковки,банка
252161,Тип упаковки,дой-пак
047790,Форма выпуска,замороженный
137863,Форма выпуска,кусочки
323397,Форма выпуска,целый
323397,Тип упаковки,стеклянная банка
302010,Тип упаковки,пакет
025792,Форма выпуска,кусковой
259689,Нарезка,тертый
259689,"Вкус, Добавки",перец болгарский
259689,"Вкус, Добавки",зелень петрушки
237793,Тип упаковки,стеклянная банка
224679,Способ обработки,нерафинированное
207558,Тип упаковки,Банка
287593,Форма выпуска,консервы
237021,Тип упаковки,пакет
235108,Тип упаковки,стеклянная банка
235102,Тип упаковки,стеклянная банка
216357,Тип упаковки,стеклянная банка
179512,Форма выпуска,жидкость
175069,Форма выпуска,целые
142427,Форма выпуска,жидкость
232793,Форма выпуска,целые
232793,Тип упаковки,стеклянная банка
196725,Форма выпуска,кусочки
256523,Форма выпуска,в собственном соку
216360,"Вкус, Добавки",Пикантный
237634,"Вкус, Добавки",смородина
237634,"Вкус, Добавки",укроп
237634,"Вкус, Добавки",чеснок
164010,Форма выпуска,Смесь
003803,Форма выпуска,консервы
003803,Тип упаковки,жестяная банка
314792,Тип упаковки,стеклянная банка
313210,Тип упаковки,стеклянная банка
181591,Форма выпуска,дой-пак
323887,Форма выпуска,целый сушеный
323887,Тип упаковки,стеклянная банка
166197,Форма выпуска,жидкость
226959,Форма выпуска,Горошком
102763,"Вкус, Добавки",Nature
003806,Форма выпуска,консервы
003806,Тип упаковки,жестяная банка
339144,"Вкус, Добавки","с овощами, травами"
178000,Форма выпуска,целые
216358,Тип упаковки,стеклянная банка
213821,Тип упаковки,стеклянная банка
002199,Форма выпуска,тертый
180001,Тип упаковки,стеклянная банка
243044,"Вкус, Добавки",копчёный перец чипотле
162324,Форма выпуска,целые
021988,Тип упаковки,стеклянная банка
222450,Тип упаковки,стеклянная банка
244555,Форма выпуска,сушеные травы
320165,"Вкус, Добавки",Интенсивный
213938,Нарезка,соломка
216359,"Вкус, Добавки",Dolce Piccante
466830,"Вкус, Добавки","морская соль, перец"
334219,"Вкус, Добавки",чили
258015,Форма выпуска,консервы
247993,"Вкус, Добавки","укроп, чеснок, вишневый лист"
247993,Тип упаковки,банка
466827,Форма выпуска,горошек
258010,Тип упаковки,консервная банка
420058,Форма выпуска,паста
279332,"Вкус, Добавки",Грузинский
158584,Форма выпуска,паста
159696,Нарезка,ломтики
158585,"Вкус, Добавки",чеснок
238925,Форма выпуска,целые
142341,Тип упаковки,стеклянная банка
231440,Форма выпуска,пучок
266624,Форма выпуска,жидкость
223393,Форма выпуска,замороженный
223393,Технология приготовления,готово к обжарке
223393,Тип упаковки,коробка
231441,Форма выпуска,пучок
278622,Форма выпуска,жидкость
299120,Форма выпуска,улитки в раковинах
355968,"Вкус, Добавки",Мусковадо
096702,Форма выпуска,жидкость
354138,"Вкус, Добавки",Топленое молоко
354138,Технология приготовления,традиционным способом
266911,"Вкус, Добавки",Original
266911,Тип упаковки,Carton
286668,"Вкус, Добавки",чеснок
278632,Форма выпуска,жидкость
278632,"Вкус, Добавки",без глютена
305967,Тип упаковки,пакет
395991,"Вкус, Добавки",Перец красный
389573,"Вкус, Добавки","красный болгарский перец, синий баклажан"
389573,Тип упаковки,стеклянная банка
395993,Форма выпуска,Горошком
396020,Форма выпуска,порошок
396175,Форма выпуска,В мельнице
389575,"Вкус, Добавки",зеленый овощной перец
389575,"Вкус, Добавки",синий баклажан
389575,"Вкус, Добавки",подсолнечное масло
389575,"Вкус, Добавки",морская соль
389575,Тип упаковки,банка
423369,Тип соуса,глазурь
403026,Форма выпуска,паста
403026,Тип упаковки,стеклянная банка
403039,Форма выпуска,жидкость
426269,Тип упаковки,стеклянная банка
239027,Форма выпуска,мельница
239027,"Вкус, Добавки",для мясных блюд
401743,Тип упаковки,стеклянная банка
401743,"Вкус, Добавки",базилик
401743,"Вкус, Добавки",кешью
401743,"Вкус, Добавки",оливковое масло
401743,"Вкус, Добавки",чили
401743,"Вкус, Добавки",чеснок
396165,Тип упаковки,мельница
390973,Форма выпуска,консервы
265682,Форма выпуска,жидкость
381376,Тип упаковки,стеклянная банка
396154,Форма выпуска,В мельнице
381475,Тип упаковки,пакет
377151,"Вкус, Добавки",с кусочками овощей
394061,Форма выпуска,порошок
266900,"Вкус, Добавки",перец чили
277170,Нарезка,ломтики
277170,"Вкус, Добавки",специи
383627,Тип упаковки,стеклянная банка
396150,Тип упаковки,Мельница
396028,Тип упаковки,Мельница
418263,"Вкус, Добавки","базилик, орегано"
418263,Тип упаковки,стеклянная банка
395968,"Вкус, Добавки","ананас, клубника, мандарин"
377896,Форма выпуска,бутылка
383858,"Вкус, Добавки",бекон и перец Халапеньо
383217,Тип упаковки,жестяная банка
269948,"Вкус, Добавки",пряности
269948,Форма выпуска,дой-пак
269948,Тип упаковки,пауч
383220,Форма выпуска,зерна
383851,"Вкус, Добавки",Grilled Paprika
405294,Нарезка,Тонкая
396446,Форма выпуска,целые
396446,Тип упаковки,стеклянная банка
388793,Форма выпуска,консервы
420407,"Вкус, Добавки",соя
420407,Технология приготовления,запеченный
134779,Форма выпуска,филе-кусочки
096831,"Вкус, Добавки",классико
140410,"Вкус, Добавки",Original
022474,"Вкус, Добавки","калий, магний, йод"
239488,Форма выпуска,вяленые
239488,"Вкус, Добавки","базилик, петрушка"
239488,Тип упаковки,стеклянная банка
250281,Форма выпуска,луковица
240412,"Вкус, Добавки",сметана
144446,Тип упаковки,стеклянная банка
261414,Форма выпуска,цельный сушеный
261414,Способ обработки,сушеный
427951,Форма выпуска,паста
261422,Нарезка,измельченный
468485,Тип упаковки,стеклянная банка
478817,"Вкус, Добавки","куркума, имбирь, черная смородина, лукума, перец черный"
454877,Форма выпуска,консерва
454877,Тип упаковки,жестяная банка
471346,Форма выпуска,жидкость
354412,Форма выпуска,консервы
354414,Тип упаковки,консерва
372266,Форма выпуска,свежий
349546,Форма выпуска,жидкость
357725,Форма выпуска,ведерко
476573,Форма выпуска,пауч
423652,Тип упаковки,банка
440969,Форма выпуска,Extra virgin
442532,Форма выпуска,стручок
433305,Форма выпуска,бутылка
424022,Тип упаковки,тюбик
458731,Форма выпуска,Головка
453222,"Вкус, Добавки",брусника с пряностями
006511,Форма выпуска,бутылка
349727,Тип упаковки,жестяная банка
343627,"Вкус, Добавки",чили
343627,"Вкус, Добавки",кинза
343627,"Вкус, Добавки",чеснок
343627,"Вкус, Добавки",перец сладкий
343627,Форма выпуска,паста
273864,Форма выпуска,жидкость
279388,"Вкус, Добавки",лимон
280437,"Вкус, Добавки",острый перец
280437,"Вкус, Добавки",чеснок
280437,"Вкус, Добавки",специи
287769,Форма выпуска,сушеная
287769,Тип упаковки,пакет
405255,Форма выпуска,целые
437253,Форма выпуска,паста
437253,"Вкус, Добавки",кедровый орех
437253,"Вкус, Добавки",паприка
437253,"Вкус, Добавки",чеснок
437253,"Вкус, Добавки",зелень петрушки
355858,Форма выпуска,консервы
353755,Форма выпуска,консервы
359350,"Вкус, Добавки",Nature
331925,Тип упаковки,пакет
331925,Форма выпуска,жидкость
348556,"Вкус, Добавки",артишоки и перец
362561,Форма выпуска,консервы
362561,Тип упаковки,жестяная банка
361964,Способ обработки,COLD EXTRACTED
361964,Тип упаковки,Жестяная банка
484751,Форма выпуска,жидкость
340485,Форма выпуска,сухофрукты
470878,"Вкус, Добавки",Травяной откорм
370729,Форма выпуска,нарезанный
252512,"Вкус, Добавки","укроп, чеснок, специи"
470700,"Вкус, Добавки",белый трюфель
486984,Способ обработки,Без обработки
366468,Форма выпуска,готовый продукт
444505,"Вкус, Добавки",угорь
379244,Форма выпуска,паста
379244,"Вкус, Добавки",перец
379244,"Вкус, Добавки",баклажан
379244,Тип упаковки,стеклянная банка
427479,"Вкус, Добавки",Original
279717,Форма выпуска,молотая
375885,Форма выпуска,цельные
379242,Форма выпуска,паста
379242,Тип упаковки,стеклянная банка
486804,Форма выпуска,жидкость
486804,Тип упаковки,стеклянная банка
405258,Форма выпуска,фаршированный
409827,Тип упаковки,Картонная упаковка
418266,Тип упаковки,стеклянная банка
403711,"Вкус, Добавки",чили
403711,"Вкус, Добавки",кунжут
395425,Нарезка,кубиками
431523,Тип упаковки,стеклянная банка
1015579,"Вкус, Добавки",чеснок
1015578,Тип соуса,dressing
458935,Форма выпуска,кубики
1015445,Тип соуса,салатный
445877,"Вкус, Добавки",брусника
445877,Тип упаковки,дой-пак
445879,Тип упаковки,пауч
444019,Форма выпуска,круглая
449916,Тип упаковки,стеклянная банка
440974,"Вкус, Добавки","боровая матка, красная щетка"
390441,Тип соуса,бальзамический крем
448664,Тип упаковки,стеклянная банка
455660,Тип упаковки,стеклянная банка
439160,Тип упаковки,стеклянная банка
439160,Тип упаковки,стеклянная бутылка
447845,Тип упаковки,стеклянная банка
355673,"Вкус, Добавки",кедровые орехи
489657,"Вкус, Добавки",идеально для жарки
295897,Форма выпуска,бутылка
507512,Форма выпуска,семена
507511,Форма выпуска,горошек
506376,"Вкус, Добавки",песто
506376,"Вкус, Добавки",кедровые орехи
506376,"Вкус, Добавки",чеснок
506376,"Вкус, Добавки",перец
506376,"Вкус, Добавки",базилик
506376,"Вкус, Добавки",петрушка
506376,Тип упаковки,подарочная сумка
502323,Форма выпуска,спрей
489539,Форма выпуска,нарезанный
489539,Тип упаковки,стеклянная банка
503522,"Вкус, Добавки",Arrabbiata
493029,Форма выпуска,бутылка
489590,Форма выпуска,целый
489590,Тип упаковки,стеклянная банка
490811,"Вкус, Добавки",оливковое масло
502320,Форма выпуска,спрей
479592,Тип соуса,салатный
503785,"Вкус, Добавки","лосось, икра, сливочный соус"
1019128,Тип упаковки,стеклянная банка
1016277,Тип соуса,Hot Pepper Sauce
586000,Нарезка,ломтики
586000,Тип упаковки,коробка
1015526,Тип упаковки,стеклянная банка
1012505,Тип упаковки,вакуумная упаковка
597366,"Вкус, Добавки",грибы
597366,"Вкус, Добавки",зеленый лук
597366,Форма выпуска,палочки
597366,Тип упаковки,миска
1020568,"Вкус, Добавки","персик, кокос, грейпфрут"
1016785,"Вкус, Добавки",розaрин
499395,"Вкус, Добавки",сладкий перец чили
518428,Форма выпуска,целые
518412,Форма выпуска,молотая
520198,"Вкус, Добавки",чеснок
516398,Форма выпуска,солонка
529783,"Вкус, Добавки",хрен
528811,Тип упаковки,банка
524640,Форма выпуска,бутылка
523042,Форма выпуска,жидкость
523527,Форма выпуска,масло
527649,Форма выпуска,жидкость
528804,"Вкус, Добавки",Прованские травы
521376,Тип упаковки,стеклянная банка
523795,Тип упаковки,без обработки
525495,"Вкус, Добавки",свежая зелень
525892,Форма выпуска,целый
525892,Тип упаковки,стеклянная банка
542426,Форма выпуска,салат
532446,Форма выпуска,жидкость
527183,"Вкус, Добавки",хрен
537364,Форма выпуска,целые
537364,"Вкус, Добавки","чеснок, укроп, пряности"
537364,Тип упаковки,стеклянная банка
534270,"Вкус, Добавки",Arrabbiata
539306,"Вкус, Добавки",CHUNKY BURGER SAUCE TANGY & TASTY
538742,"Вкус, Добавки",чили
538742,Тип упаковки,корзина
533339,"Вкус, Добавки",миндаль
533339,Тип упаковки,стеклянная банка
537108,"Вкус, Добавки",Dijon Originale
537108,Тип упаковки,стеклянная банка
533038,"Вкус, Добавки",Extra Virgin
532433,Тип соуса,Острый
539304,"Вкус, Добавки",укроп
548846,Форма выпуска,протертые
548846,"Вкус, Добавки",originale
546407,"Вкус, Добавки",оливковое масло и перец чили
551666,Форма выпуска,целый
549120,Тип упаковки,Пакет
549997,Форма выпуска,жидкая
550648,"Вкус, Добавки",без глютена
550648,Тип упаковки,дой-пак
554671,Тип упаковки,стеклянная бутылка
550649,Форма выпуска,дой-пак
550649,"Вкус, Добавки",без сахара
550649,"Вкус, Добавки",без глютена
551877,Тип упаковки,дой-пак
554648,Форма выпуска,зерна горчицы
554648,"Вкус, Добавки","кориандр, корица, куркума, гвоздика"
554648,Тип упаковки,стеклянная банка
561743,"Вкус, Добавки",чёрный перец
560989,Тип упаковки,картонная коробка
559533,Тип упаковки,стеклянная бутылка
568739,Способ обработки,первого холодного отжима
560227,Тип упаковки,дой-пак
565049,Форма выпуска,куски
555456,Форма выпуска,нарезанный
557290,Форма выпуска,ломтики
556925,"Вкус, Добавки",пять перцев
554896,Тип упаковки,стеклянная банка
558409,Форма выпуска,бутылка
558409,Тип упаковки,пластиковая бутылка
561744,"Вкус, Добавки",чеснок
561744,"Вкус, Добавки",паприка
561744,Тип упаковки,стеклянная банка
569007,Форма выпуска,целый
569007,Тип упаковки,лоток
573341,Тип упаковки,стеклянная банка
573827,"Вкус, Добавки","с аджикой, грецкими орехами и ароматными специями"
572910,"Вкус, Добавки",легкий
562634,"Вкус, Добавки",пряные травы
563632,"Вкус, Добавки",Original
573231,"Вкус, Добавки",прованские травы
1003939,Форма выпуска,кусочки
1003940,"Вкус, Добавки",розaрин
1002077,Тип упаковки,стеклянная бутылка
1001161,"Вкус, Добавки",с говядиной
576866,Форма выпуска,паста
576863,Форма выпуска,паста
1001743,Форма выпуска,жидкость
1004677,Тип упаковки,стеклянная банка
1004676,Тип упаковки,Стеклянная банка
1010609,Способ обработки,нефильтрованное
1007506,Форма выпуска,порошок
1008273,"Вкус, Добавки",в масле
1006085,Форма выпуска,бутылка
1009421,Форма выпуска,туба
582126,Форма выпуска,Круглая
581820,Нарезка,ломтики
581820,Способ обработки,охлаждённое
1013655,Тип упаковки,стеклянная бутылка
1006570,Форма выпуска,целые
519032,Нарезка,ломтики
1012738,Тип упаковки,консервы
1005913,Форма выпуска,жидкость
1021535,Форма выпуска,жидкость
1021498,Способ обработки,жареный
1021926,"Вкус, Добавки","чеснок, черный перец, розмарин, паприка, семена кориандра"
1021497,"Вкус, Добавки",Arrabbiata
222384,"Вкус, Добавки","изюм, банан, ананас, папайя, кокос"
133480,"Вкус, Добавки",пшеница
205549,Форма выпуска,варенье экстра
205549,Тип упаковки,стеклянная банка
008302,Форма выпуска,гнезда
008302,"Вкус, Добавки",яйца
278168,Форма выпуска,цельное зерно
278168,Тип упаковки,картонная коробка
196202,Тип упаковки,пакет
255575,Форма выпуска,гнезда
247320,Форма выпуска,рулон
329708,Форма выпуска,гнезда
213387,"Вкус, Добавки",цельнозерновой
312516,Форма выпуска,спиральки
312516,Тип упаковки,пакет
312516,Технология приготовления,LAVORAZIONE RUVIDA
315554,Форма выпуска,порционный
315554,Тип упаковки,бумажный стакан
198463,Форма выпуска,Лингвини
198463,Тип упаковки,Пакет
219670,Форма выпуска,спиральки
219670,Форма выпуска,завитки
022326,Форма выпуска,целая
022326,"Вкус, Добавки",без добавок
205314,Форма выпуска,целые ягоды
205314,"Вкус, Добавки",белая черешня
205314,Тип упаковки,стеклянная банка
314893,Форма выпуска,Листы
181112,"Вкус, Добавки",пшеница
255572,Способ обработки,сушеные
255572,Тип упаковки,пакет
007392,Форма выпуска,консервы
022321,Форма выпуска,колотая
255577,Форма выпуска,спиральки
255577,Форма выпуска,рожки
255577,Форма выпуска,завитки
255577,Форма выпуска,ушки
314628,Форма выпуска,3
018664,Форма выпуска,длиннозерный
183983,Форма выпуска,Lumachine
231240,"Вкус, Добавки",тунец сочный
231240,Тип упаковки,консервы
337371,Форма выпуска,пучок
337371,Тип упаковки,пластиковая упаковка
219669,Форма выпуска,трубочки
219669,Форма выпуска,перья
254487,Форма выпуска,Филлини
315500,Технология приготовления,LAVORAZIONE RUVIDA
315500,Тип упаковки,пакет
328894,Форма выпуска,консервы
328894,Тип упаковки,стеклянная банка
128063,Форма выпуска,Фигурные изделия
206815,"Вкус, Добавки",Delicate white
242728,Форма выпуска,круглозерный
242728,Форма выпуска,короткозерный
050316,Нарезка,тонкая
012558,Форма выпуска,длиннозерный
012558,"Вкус, Добавки",белый ароматный
328891,Форма выпуска,целые
128062,Форма выпуска,Фигурные изделия
006636,Форма выпуска,быстрорастворимый
228726,Форма выпуска,порции
228726,"Вкус, Добавки",карнароли
487002,Способ обработки,сушёные
381669,Технология приготовления,4-6 мин
260172,Форма выпуска,minishells
228717,Форма выпуска,цельный
314770,Форма выпуска,бабочки
314763,Форма выпуска,спиральки
314763,Тип упаковки,пакет
329662,Форма выпуска,Крупная
329662,Тип упаковки,Банка
219671,Тип упаковки,Пакет
250159,Форма выпуска,Фигурные изделия
006237,Форма выпуска,длиннозерный
222375,"Вкус, Добавки",органические
276222,"Вкус, Добавки",Яйцо
276222,Тип упаковки,Пакет
273743,Технология приготовления,10 минут и готово
273743,Способ обработки,проходят для вегетарианцев
250998,"Вкус, Добавки",Био
303468,Форма выпуска,консервы
303468,"Вкус, Добавки",чеснок
276220,Тип упаковки,пакет
323885,Форма выпуска,порошок
132528,Форма выпуска,порошок
132528,Способ обработки,загуститель
303428,Форма выпуска,Консервы
303428,Тип упаковки,Жестяная банка
006238,"Вкус, Добавки",италийский
264386,Форма выпуска,целая
250995,"Вкус, Добавки",Bio
247033,Тип упаковки,стеклянная банка
159157,Форма выпуска,длиннозерный
159157,Способ обработки,пропаренный
250924,Форма выпуска,"Бабочки, бантики"
250924,Форма выпуска,Farfalle
165630,Форма выпуска,тростниковый
165630,Способ обработки,нерафинированный
165630,Тип упаковки,пакет
229309,Форма выпуска,порошок
150862,"Вкус, Добавки","шпинат, томаты"
222382,Текстура корма,crunchy
012557,Форма выпуска,Крупа рисовая
239375,Форма выпуска,Chifferini Rigati
239375,"Вкус, Добавки",Grano Duro
143105,"Вкус, Добавки",шоколад
143105,"Вкус, Добавки",мед
143105,"Вкус, Добавки",фрукты
015410,Форма выпуска,среднезерный
183975,Форма выпуска,Трубочки
251322,Форма выпуска,бутылка
251322,Тип упаковки,ПЭТ
312500,"Вкус, Добавки",Био
312500,"Вкус, Добавки",100% Organic
254608,Тип упаковки,стеклянная банка
215596,Технология приготовления,12 минут
193483,Форма выпуска,Ракушки
279519,Форма выпуска,салат
199252,Форма выпуска,Лапша
199252,Тип упаковки,Пакет
303432,Форма выпуска,консервы
303432,Тип упаковки,жестяная банка
331632,Форма выпуска,лента
250996,Форма выпуска,Бабочки
250996,Способ обработки,100% ORGANIC
250996,Тип упаковки,пакет
279724,Форма выпуска,консервы
323556,Форма выпуска,поленья
006545,Форма выпуска,Рифленые
021393,"Вкус, Добавки",яичные
021393,Технология приготовления,варить 6-7 минут
142800,"Вкус, Добавки",Отборная и ароматная
017499,Форма выпуска,пластины
335400,Тип упаковки,пакет
214405,Технология приготовления,варить в течение 3 минут
012274,Форма выпуска,зерна
334172,"Вкус, Добавки",Овёс
245125,Способ обработки,антипригарное покрытие
266210,Тип упаковки,консерва
266520,Форма выпуска,Крупа
266520,Тип упаковки,Пакет
274903,"Вкус, Добавки","кориандр, тмин"
330824,Форма выпуска,готовое блюдо
330824,"Вкус, Добавки",сливочный
330824,Способ обработки,тушеное
354850,Тип упаковки,пакет
264929,Технология приготовления,"для приготовления ""WOK"""
353693,Форма выпуска,a nido
349725,Форма выпуска,поленья
335765,Форма выпуска,3 слоя
242155,Форма выпуска,жемчужина
386811,Форма выпуска,цельнозерновых круп и редких семян
398467,Тип упаковки,подарочная упаковка
232188,"Вкус, Добавки",смесь белых и красных зерен
396452,Форма выпуска,детская
391136,Форма выпуска,в пакетиках
386819,Форма выпуска,цельнозерновые крупы
386819,"Вкус, Добавки","овес голозерный, амарант"
406377,Форма выпуска,порошок
264241,Форма выпуска,Vermicelli tagliati
426145,Форма выпуска,консервы
426145,"Вкус, Добавки","сахар, соль"
391132,Форма выпуска,пакетики
386840,"Вкус, Добавки",темный
391125,Форма выпуска,пакетики
394317,Форма выпуска,листы
394044,"Вкус, Добавки","семена льна, кунжут, подсолнух, тыква"
423121,"Вкус, Добавки",Банан
423121,"Вкус, Добавки",Миндаль
423121,Форма выпуска,хлопья
385451,Форма выпуска,Крупа
417230,Форма выпуска,классическая
376351,Технология приготовления,al dente
101109,Форма выпуска,замороженные
275064,Форма выпуска,порошок
362162,Форма выпуска,Ядра
275303,Форма выпуска,вермишель
439420,Форма выпуска,порционная
483984,"Вкус, Добавки",амарантовая
483984,Технология приготовления,для каши
483984,Технология приготовления,для соусов
483984,Технология приготовления,для выпечки
483984,Технология приготовления,для супа
433101,"Вкус, Добавки",классические
444811,Форма выпуска,тонкая
444811,Способ обработки,бережная заморозка
416630,Форма выпуска,длиннозерный
376352,Технология приготовления,al dente
276638,Форма выпуска,белая крупная
276638,Тип упаковки,пакет
464273,"Вкус, Добавки",яйцо
464273,Технология приготовления,BRONZE-PRESSED
007395,Форма выпуска,консервы
007395,Технология приготовления,готово к употреблению
270530,Форма выпуска,суп-пюре
353937,"Вкус, Добавки",овощи
353937,Тип упаковки,пакет
339554,Тип упаковки,картонная коробка
280387,Форма выпуска,целые
464480,Форма выпуска,куски
469335,Форма выпуска,семена
455408,Форма выпуска,Фигурная
327195,Форма выпуска,Крупа
264691,Способ обработки,Обработаны паром
349787,Форма выпуска,крупа
358938,"Вкус, Добавки",шпинат
463756,"Вкус, Добавки",малиновый мильфей
463756,"Вкус, Добавки",черничный чизкейк
463756,"Вкус, Добавки",ягодный мусс
463756,Технология приготовления,быстрого приготовления
463756,Тип упаковки,коробка
364488,"Вкус, Добавки","абрикос, инжир, мака, семена чиа"
267617,Технология приготовления,пропаренный
358381,Форма выпуска,пакетики
266417,Форма выпуска,среднезерный
266417,Форма выпуска,medium grain
308749,Форма выпуска,круглозерный
270494,Форма выпуска,ядрица
455345,Форма выпуска,бабочки
325592,Технология приготовления,10 минут
363023,Форма выпуска,каша
363023,Тип упаковки,стакан
339545,Форма выпуска,порции
423119,"Вкус, Добавки",клюква и смородина
432761,Форма выпуска,бумажные листы
485587,Форма выпуска,чашка
381283,"Вкус, Добавки",Green Pea
381283,Форма выпуска,fusilli
381283,Тип упаковки,коробка
388581,"Вкус, Добавки",с томатом и овощами
388377,Форма выпуска,stelline
153893,Форма выпуска,Cavatappi
429254,"Вкус, Добавки",без сахара
429254,"Вкус, Добавки",с инулином
429254,Форма выпуска,хлопья
264043,Способ обработки,высший сорт
264043,Форма выпуска,группа А
432712,Форма выпуска,омлет
407616,Тип упаковки,Газомодифицированная среда
267960,"Вкус, Добавки",со сладким перцем
267960,Форма выпуска,целый
267960,Тип упаковки,стеклянная банка
426507,Форма выпуска,палочки
429256,Форма выпуска,хлопья
429256,Способ обработки,сублимационной сушки
374263,Технология приготовления,10 минут
420404,Технология приготовления,котти аль форно
375356,Форма выпуска,целая
264554,Технология приготовления,хрустящие
269666,"Вкус, Добавки",с бельгийским шоколадом
269666,Тип упаковки,пакет
264593,Форма выпуска,капеллини
285695,"Вкус, Добавки",традиционный
1017990,Форма выпуска,консервы
442230,Форма выпуска,детская
425989,"Вкус, Добавки",Hot & Spicy
395082,Форма выпуска,половинка
429688,Нарезка,"Мякоть, филе"
429688,Тип упаковки,Газомодифицированная среда
433467,"Вкус, Добавки",без глютена
513846,Технология приготовления,STEAM COOKED
513846,"Вкус, Добавки",red rice and poke sauce
496511,Способ обработки,прямой отжим
497714,Тип упаковки,Без обработки
497714,Форма выпуска,Рулон
488399,Тип упаковки,стеклянная банка
513574,Форма выпуска,кольца
507499,Форма выпуска,бутылка
501226,"Вкус, Добавки",темный
511161,Тип упаковки,пакет
513468,"Вкус, Добавки",Мексиканская
1015649,Форма выпуска,стаканчик
1017895,Форма выпуска,подарочный набор
1015577,Технология приготовления,варить 20 мин
1019119,Способ обработки,трафилата аль бронзо
1019331,"Вкус, Добавки",банан
1019114,Способ обработки,трафилата ал бронзо
1015746,Форма выпуска,сушеная молотая
1019118,Форма выпуска,farfalle
1018105,Тип упаковки,Вакуумная упаковка
1017989,Форма выпуска,консервы
1019353,"Вкус, Добавки",без глютена
1019353,"Вкус, Добавки",без сахара
1018552,Форма выпуска,консервы
1015648,Тип упаковки,пакет
1015573,"Вкус, Добавки",перец чили
1019956,Форма выпуска,сердечки
520575,Нарезка,ломтики
515769,Форма выпуска,порционный
515769,Тип упаковки,пакет
519238,Форма выпуска,«жемчужная»
517719,Форма выпуска,паста
517719,"Вкус, Добавки",яйцо
517719,Тип упаковки,пакет
521220,Форма выпуска,древесный уголь
526910,Тип упаковки,Без обработки
528858,Форма выпуска,гнезда
528861,"Вкус, Добавки",яйцо
528861,Технология приготовления,трафилата ал бронзо
520988,Технология приготовления,медленная сушка при низкой температуре
531433,Технология приготовления,12 мин
531868,Форма выпуска,кусочки
531427,Форма выпуска,цельный
466206,Форма выпуска,цельные
540358,Форма выпуска,порошок
539139,"Вкус, Добавки",с витаминами
540475,Тип упаковки,мешок
538386,Форма выпуска,лепешки
539476,"Вкус, Добавки",фруктовый микс
539936,Форма выпуска,на закваске
541231,Форма выпуска,семена
550128,Тип упаковки,пакет
425167,Форма выпуска,сухофрукты
549764,Форма выпуска,Сухая смесь
553006,"Вкус, Добавки",Березовый
545137,Тип упаковки,Газомодифицированная среда
544842,Форма выпуска,тонкая
550471,Форма выпуска,паста
549760,Форма выпуска,Дробленая пшеница
549482,"Вкус, Добавки",SLOW GROWING
549763,Способ обработки,без варки
565060,Форма выпуска,консервы
558834,Форма выпуска,белый круглозерный
569015,Форма выпуска,Стручковая фасоль
561978,Тип упаковки,Стакан
568738,Технология приготовления,Lenta Lavorazione
568738,Форма выпуска,Orecchiette № 87
555705,Технология приготовления,Готов к употреблению
559496,Форма выпуска,тонкого помола
563270,Нарезка,Не нарезка
573080,Технология приготовления,Готовить 13 минут
565438,"Вкус, Добавки",Original
565061,Форма выпуска,консервы
562794,Тип упаковки,пакет
567126,Форма выпуска,хлопья
567126,"Вкус, Добавки",шоколад
1000759,Форма выпуска,круглозерный
1000759,"Вкус, Добавки",белый
1000360,"Вкус, Добавки",на сливках
1000361,"Вкус, Добавки",на сливках
1005370,Форма выпуска,сухой завтрак
1000983,Форма выпуска,Coquillettes
1000983,Тип упаковки,пакет
1012545,Форма выпуска,Смесь
1006784,Форма выпуска,длиннозерный
1012842,Тип упаковки,вакуумная упаковка
1005938,Форма выпуска,порошок
581808,"Вкус, Добавки",ягодный
581829,Форма выпуска,готовое блюдо
1006572,Форма выпуска,консервы
1006572,Тип упаковки,стеклянная банка
1007280,Форма выпуска,бутылка
1007681,Форма выпуска,капсулы
1007681,"Вкус, Добавки",7 видов полезных бактерий
1011525,Форма выпуска,кусочками
580329,Форма выпуска,готовое блюдо
1006541,Форма выпуска,Крупа
1013143,Форма выпуска,Классические
1011598,"Вкус, Добавки",ванильный концентрат
1011598,"Вкус, Добавки",семена ванили
1013355,Форма выпуска,квадратики
1012441,Форма выпуска,бутылка
1022519,"Вкус, Добавки",болоньезе
1022519,Тип упаковки,контейнер
1021687,"Вкус, Добавки",без добавок
1010115,"Вкус, Добавки",с мясом и овощами
1010115,"Вкус, Добавки",по-царски
1010115,Тип упаковки,жестяная банка
194937,Тип упаковки,Пауч
1021844,Форма выпуска,круглозерный
260482,Тип упаковки,Пауч
260482,"Вкус, Добавки",Rabbit&Beef with Chicken Fillet and Herbs in Sauce
179475,"Вкус, Добавки",тунец с макрелью
322517,Тип упаковки,Пауч
246768,"Вкус, Добавки",индейка и рис
260494,Тип упаковки,Пауч
322499,Тип упаковки,Ламистер
249130,Способ обработки,Запеченное
249130,Тип упаковки,Пакет
251276,Тип упаковки,банка
004932,Форма выпуска,сухой корм
181469,"Вкус, Добавки",Кролик и печень
325681,"Вкус, Добавки",без добавления крахмала и соли
147066,Форма выпуска,паштет
219236,"Вкус, Добавки",Ягнёнок с рисом
181464,"Вкус, Добавки",Утка и индейка
301139,"Вкус, Добавки",Курица
260512,Форма выпуска,Пауч
260512,Тип упаковки,Пауч
260504,Тип упаковки,Пауч
217022,Форма выпуска,кусочки в соусе
156769,Форма выпуска,паштет
156769,"Вкус, Добавки",тунец
179473,"Вкус, Добавки",Тунец с лобстером
179473,Тип упаковки,Жестяная банка
179469,"Вкус, Добавки",розовый тунец с картофелем
179469,Тип упаковки,жестяная банка
007711,Тип упаковки,Жестяная банка
322900,Тип упаковки,Пауч
163692,"Вкус, Добавки",тунец
101065,Тип упаковки,Пауч
138554,Форма выпуска,ягоды
246538,Тип упаковки,пакет
425208,Форма выпуска,пауч
425208,"Вкус, Добавки","тунец, курица"
391143,Форма выпуска,целые
425199,Форма выпуска,жидкий
425210,Форма выпуска,пауч
425210,Тип упаковки,пауч
425197,Тип упаковки,пауч
425211,Форма выпуска,пауч
425211,Тип упаковки,пауч
425204,"Вкус, Добавки",тунец
425200,Форма выпуска,паучи
425200,Тип упаковки,пакет
425205,"Вкус, Добавки",тунец
425205,Форма выпуска,консервы
467913,"Вкус, Добавки",курица с зелеными овощами
473806,Технология приготовления,chunkies irregular cut in gravy
306295,Форма выпуска,куски
478452,"Вкус, Добавки",подсолнечное масло
473803,Форма выпуска,паштет
473803,Технология приготовления,паштет
431706,Форма выпуска,кусочки в соусе
455272,Тип упаковки,контейнер
427659,Тип упаковки,пауч
455276,Форма выпуска,пауч
455276,Тип упаковки,пауч
455277,Форма выпуска,террин
457565,Форма выпуска,пауч
457565,Тип упаковки,пауч
455274,Тип упаковки,пауч
462358,Форма выпуска,консервы
462121,"Вкус, Добавки",кокосовая вода
455275,Тип упаковки,пауч
457566,Тип упаковки,пауч
454914,Технология приготовления,oven cooked
454913,Технология приготовления,oven cooked
454913,"Вкус, Добавки",cockerel
457568,Форма выпуска,пауч
427463,Форма выпуска,жидкое
427463,"Вкус, Добавки",тунец
427463,"Вкус, Добавки",магuro
454915,Технология приготовления,oven cooked chunkies
454915,Способ обработки,al forno
457569,Способ обработки,в подливе
455269,Тип упаковки,пауч
379886,Тип упаковки,пауч
252715,"Вкус, Добавки",малиновое
248545,"Вкус, Добавки",индейка
328159,Форма выпуска,впитывающие
462363,Форма выпуска,кусочки
462363,Тип упаковки,консерва
282028,"Вкус, Добавки",с морковью
352413,Форма выпуска,консервы
352413,Тип упаковки,жестяная банка
344033,Тип упаковки,жестяная банка
344027,Форма выпуска,консервы
344027,Тип упаковки,жестяная банка
342518,Форма выпуска,рубленый
342518,"Вкус, Добавки",лайм и черный перец
342518,Тип упаковки,жестяная банка
462469,Форма выпуска,сухой корм
462469,"Вкус, Добавки",курица
462469,Тип упаковки,пакет
473204,Форма выпуска,консервы
427654,Тип упаковки,пакет
425195,Форма выпуска,паучи
425195,Тип упаковки,пакет
362502,Тип упаковки,Пауч
363537,Тип упаковки,пакет
476109,"Вкус, Добавки",курица с таурином
425196,Форма выпуска,жидкое
425196,Тип упаковки,пауч
473802,Форма выпуска,паштет
473802,Способ обработки,террин
427640,Тип упаковки,пакет
379893,Тип упаковки,пауч
483525,Способ обработки,стерилизованный
425202,Форма выпуска,консерва
418265,Тип упаковки,стеклянная банка
483537,"Вкус, Добавки",настоящее мясо
483537,Тип упаковки,без обработки
1016601,Тип упаковки,пауч
425203,"Вкус, Добавки",тунец
1015592,"Вкус, Добавки",белая рыба
1015592,Тип упаковки,пакет
1016027,"Вкус, Добавки",Apple & Cinnamon
1018028,"Вкус, Добавки",специи
454916,Технология приготовления,oven cooked
489894,Тип упаковки,пакет
440137,Форма выпуска,бутылка
431703,Способ обработки,Chunks & Gravy
379889,Тип упаковки,пауч
499543,Тип упаковки,пауч
502291,"Вкус, Добавки",банан
502338,Технология приготовления,OVEN-ROASTED
502338,"Вкус, Добавки",Chicken Jerky & Codfish Sushi
499544,Тип упаковки,Пауч
502260,"Вкус, Добавки",тунец
499553,Тип упаковки,Вакуумная упаковка
495411,Форма выпуска,консервы
502337,Технология приготовления,oven-roasted
502337,Тип упаковки,пауч
502324,Форма выпуска,спрей
502324,Тип упаковки,тубус
502333,"Вкус, Добавки",тунец и гребешок
502333,Тип упаковки,пауч
500222,"Вкус, Добавки",говядина с морковью
500222,Способ обработки,тушеная
499890,Форма выпуска,консервы
512367,"Вкус, Добавки",Лайм
500225,"Вкус, Добавки",ягненок с томатами
506018,"Вкус, Добавки",Original Taste
502339,Технология приготовления,oven-roasted
499901,"Вкус, Добавки",тунец и цыпленок
499901,Тип упаковки,жестяная банка
425194,Форма выпуска,жидкое
425194,Тип упаковки,пауч
502334,"Вкус, Добавки",тунец и креветки
511831,Тип упаковки,пауч
391756,"Вкус, Добавки",говядина с рубцом и потрошками
391756,Тип упаковки,жестяная банка
476092,Технология приготовления,oven cooked
425198,Форма выпуска,паштет
511489,Тип упаковки,пауч
511489,Тип соуса,в соусе
483523,Форма выпуска,кусочки в соусе
476110,"Вкус, Добавки",тунец
499035,Форма выпуска,палочки
502341,"Вкус, Добавки",утка
502341,Технология приготовления,OVEN-ROASTED
504412,Форма выпуска,консервы
499554,Тип упаковки,пакет
500220,Тип упаковки,пакет
500224,Технология приготовления,на пару
502265,"Вкус, Добавки",тунец с лососем
502325,Форма выпуска,крем
502325,Форма выпуска,бальзам
491882,"Вкус, Добавки",тунец
491882,Тип упаковки,консервы
511822,Тип упаковки,пауч
506775,Форма выпуска,консервы
502256,"Вкус, Добавки",Тунец
505018,Тип упаковки,Вакуумная упаковка
500191,Способ обработки,джерки
500207,"Вкус, Добавки",рыба
506779,Форма выпуска,консервы
506778,Форма выпуска,консервы
502336,"Вкус, Добавки",тунец и треска
500208,"Вкус, Добавки",курица
500208,Форма выпуска,сухой корм
500208,Тип упаковки,пакет
511821,Тип упаковки,пауч
506776,Форма выпуска,консервы
502326,Форма выпуска,крем
500223,"Вкус, Добавки",индейка и пастернак
500223,Способ обработки,томленая
499547,Тип упаковки,Пауч
500209,Форма выпуска,сухой корм
500209,Способ обработки,без обработки
506780,Форма выпуска,консервы
1019718,Тип упаковки,пакетики
1019738,Форма выпуска,консервы
1016257,Тип упаковки,пауч
1017984,"Вкус, Добавки",тунец
1017984,Тип упаковки,пауч
1019432,Форма выпуска,Консервы
1019432,Тип упаковки,Жестяная банка
1019878,Тип упаковки,пауч
1019678,Тип упаковки,пауч
1016599,"Вкус, Добавки",тунец и льняное семя
1016599,Тип упаковки,пауч
1014826,Нарезка,порционированный
518110,Форма выпуска,ломтики в соусе
516986,"Вкус, Добавки",シーフードミックス味
516986,Форма выпуска,14袋
516995,Тип упаковки,Банка
1016768,"Вкус, Добавки",Абрикосовое
518112,Форма выпуска,ломтики в соусе
518108,Форма выпуска,ломтики в соусе
518003,Форма выпуска,жидкое
518111,Форма выпуска,ломтики
518114,Форма выпуска,ломтики в желе
518115,Форма выпуска,ломтики в соусе
518105,"Вкус, Добавки",утка
518105,Форма выпуска,ломтики в соусе
516725,Технология приготовления,oven cooked
518109,Форма выпуска,ломтики в соусе
518109,Тип упаковки,пауч
520007,Тип соуса,в соусе
516985,"Вкус, Добавки",мясо
516985,Способ обработки,вяленые
516984,"Вкус, Добавки",морепродукты
516984,Форма выпуска,сухой корм
516984,Тип упаковки,пакет
517572,Форма выпуска,пакетики
516987,"Вкус, Добавки",シーフードミックス味
518591,"Вкус, Добавки",утка
518113,Тип упаковки,пауч
522438,Форма выпуска,кусочки в желе
522437,Форма выпуска,кусочки в желе
522445,Способ обработки,стерилизованный
521982,"Вкус, Добавки",тунец и овощи
522443,"Вкус, Добавки",Утка и клюква
523694,"Вкус, Добавки",утка и индейка
523961,"Вкус, Добавки",с пребиотиками
522880,Форма выпуска,консервы
524690,"Вкус, Добавки","тыква, перепел, гранат"
523975,Нарезка,ломтиками
522215,"Вкус, Добавки",утка
522507,"Вкус, Добавки",Sensitive stomachs
522436,Тип упаковки,пауч
529536,Форма выпуска,набор
523970,Форма выпуска,сублимированные
523970,Технология приготовления,сублимация
523970,Тип упаковки,пакет
523919,Способ обработки,без обработки
523971,Форма выпуска,сублимированное
523971,Нарезка,маленькие кусочки
523971,Технология приготовления,сублимация
523971,Тип упаковки,пауч
527553,Форма выпуска,консервы
536024,"Вкус, Добавки",утка и шпинат
523977,Нарезка,куски
523978,Форма выпуска,сублимированные
523978,Технология приготовления,сублимация
523978,Тип упаковки,пакет
540154,Форма выпуска,VEGGIE CAPS
539258,Форма выпуска,консервы
534944,Форма выпуска,паштет
536058,"Вкус, Добавки",утка
536022,Форма выпуска,консервы
536059,"Вкус, Добавки",индейка
536059,"Вкус, Добавки",щенячий
536048,Форма выпуска,консервы
537122,Форма выпуска,целые
537122,Тип упаковки,стеклянная банка
539260,Форма выпуска,консервы
539473,Форма выпуска,гранулы
539473,"Вкус, Добавки",Original
539262,Форма выпуска,консервы
536021,Форма выпуска,консервы
546233,"Вкус, Добавки",перец
543997,"Вкус, Добавки","утка, ягнёнок"
552315,Форма выпуска,палочки
552290,"Вкус, Добавки",молочная кислота
552290,Форма выпуска,пауч
553224,"Вкус, Добавки",тунец
552285,Форма выпуска,пауч
552287,"Вкус, Добавки",тихоокеанский тунец и треска
552277,Тип упаковки,пауч
552286,"Вкус, Добавки","тунец, курица, сассами"
552286,Способ обработки,реторт
552283,"Вкус, Добавки",мясное пюре с икрой японского тунца
552283,Тип упаковки,пауч
553219,"Вкус, Добавки",тихоокеанский тунец и парная курица
543998,Тип упаковки,пауч
553217,"Вкус, Добавки","тихоокеанский тунец, морской гребешок"
553217,Тип упаковки,Без обработки
553211,Тип упаковки,пауч
552276,"Вкус, Добавки",тунец и овощи
552288,Тип упаковки,пауч
553218,"Вкус, Добавки",тунец и бонито
553218,Форма выпуска,битки
559745,"Вкус, Добавки",лимон и лайм
559748,"Вкус, Добавки",с мякотью
546167,Тип упаковки,консерва
559075,"Вкус, Добавки",без сахара
559075,Тип упаковки,консервы
568718,"Вкус, Добавки",лимон и лайм
559783,"Вкус, Добавки",с хондроитином
559076,Форма выпуска,кусочками
559076,"Вкус, Добавки",ананасовый сок
559076,"Вкус, Добавки",без добавления сахара
565536,"Вкус, Добавки",можжевеловый
1003604,"Вкус, Добавки",утка
1003601,"Вкус, Добавки",утка и яблоки
1004960,Форма выпуска,пауч
1004966,Тип упаковки,пауч
1000479,Форма выпуска,плоды
1004964,"Вкус, Добавки",тунец в желе
1002168,"Вкус, Добавки",тунец с креветками и крабом
1002375,Тип упаковки,пакет
1001580,Технология приготовления,直火炊き製法
1002169,"Вкус, Добавки",тунец с лососем и гребешком
1004957,"Вкус, Добавки",тунец
1004957,"Вкус, Добавки",таурин
1004952,"Вкус, Добавки",L-LYSINE
1004952,"Вкус, Добавки","OMEGA 3, 6"
1004952,Тип упаковки,пауч
1004968,Технология приготовления,в желе
1003592,"Вкус, Добавки",утка
1002166,"Вкус, Добавки",Таурин
1002166,"Вкус, Добавки",Омега-3
1002166,"Вкус, Добавки",Витамин Е
1002170,"Вкус, Добавки",тунец с кальмаром и макрелью
1002165,Форма выпуска,пауч
1004967,Технология приготовления,в желе
1003303,Форма выпуска,нежный
1002164,"Вкус, Добавки",таурин
1002164,"Вкус, Добавки",омега-3
1002164,"Вкус, Добавки",витамин е
1011439,"Вкус, Добавки",лактобактерии
1007238,Форма выпуска,кусочки в соусе
1007191,"Вкус, Добавки",утка и перепел
1007237,Форма выпуска,кусочки в желе
1007237,"Вкус, Добавки",Говядина-печень-горошек
1007193,Способ обработки,сбалансированный полнорационный
1007198,"Вкус, Добавки",фарш из черной львинки
1002382,Тип упаковки,пакет
1009777,Тип упаковки,пауч
1013037,"Вкус, Добавки",креветки и японский тунец бонито
1013997,Форма выпуска,яйцо
1007244,Форма выпуска,кусочки в желе
1011018,"Вкус, Добавки",тунец
1011440,"Вкус, Добавки","курица, говядина, овощи, лактобактерии"
1007241,Форма выпуска,кусочки в желе
1011020,"Вкус, Добавки",говядина
1010964,Тип упаковки,пауч
1007196,"Вкус, Добавки",фарш из чёрной львинки
1007243,Форма выпуска,кусочки в соусе
1007240,Форма выпуска,кусочки в соусе
1007245,Форма выпуска,кусочки в желе
1009114,Форма выпуска,саше
1013712,Способ обработки,в водорастворимой оболочке
1006214,"Вкус, Добавки",Апельсин
1013259,"Вкус, Добавки",тунец Магуро и тунец Кацуо с крабом сурими
1014043,Форма выпуска,палочки
1014043,Способ обработки,вяленые
1010963,Тип упаковки,пауч
1007199,"Вкус, Добавки",лен
1013210,Тип упаковки,порционный пакетик
1010786,Тип упаковки,пакет
1013258,Тип упаковки,Вакуумная упаковка
1021999,Тип упаковки,стеклянная банка
1010790,"Вкус, Добавки",мясо кролика и прополис
1010790,Форма выпуска,лакомый кусочек
230727,Форма выпуска,дой-пак
117426,Форма выпуска,стеклянная бутылка
447822,Форма выпуска,жидкость
275465,Форма выпуска,Шарик
225632,Форма выпуска,жидкие
246203,Форма выпуска,косичка
246203,"Вкус, Добавки",классический
272281,Форма выпуска,Кусок
295429,Форма выпуска,Круглая
283299,"Вкус, Добавки",перед сном
264480,Форма выпуска,стеклянная бутылка
254001,Форма выпуска,стаканчик
254001,"Вкус, Добавки",из цельного молока
329963,"Вкус, Добавки",лактобактерии бифидобактерии
328466,Форма выпуска,жидкий
338017,Форма выпуска,бутылка
261587,Форма выпуска,Кисломолочный напиток
332595,Форма выпуска,густой
117672,Форма выпуска,жидкие
308486,Форма выпуска,крем
155734,Тип упаковки,ведерко
156464,Форма выпуска,бутылка
272843,Форма выпуска,Кусок
242084,Тип упаковки,ПЭТ
268969,Форма выпуска,стаканчик
194512,Форма выпуска,Рассыпчатый
283367,Форма выпуска,брикет
270245,"Вкус, Добавки",Натуральный
186166,Форма выпуска,мягкий
186166,"Вкус, Добавки",натуральный
044439,Форма выпуска,стаканчик
325589,Форма выпуска,Молочный напиток
276656,Форма выпуска,Рассыпчатый
276656,"Вкус, Добавки",Натуральный
052857,Форма выпуска,Тетрапак
255979,Форма выпуска,жидкость
255979,Тип упаковки,картонная упаковка
030216,"Вкус, Добавки",Натуральное
272302,Технология приготовления,Ультрапастеризованное
317787,"Вкус, Добавки",натуральный
274661,Нарезка,ломтики
291360,Форма выпуска,бутылка
176886,Форма выпуска,бутылка
176886,"Вкус, Добавки",биокефирная
307801,Форма выпуска,пауч
307801,"Вкус, Добавки",каша
151128,Форма выпуска,жидкие
151128,Тип упаковки,картонная упаковка
301817,Форма выпуска,головка
246185,Форма выпуска,брусок
239025,"Вкус, Добавки",натуральный
269508,Форма выпуска,шарики
328473,Форма выпуска,бутылка
201934,Форма выпуска,Тетра Пак
201934,"Вкус, Добавки",Без добавок
297795,Форма выпуска,Круглая
466869,Форма выпуска,круглая
329910,Форма выпуска,бутылка
053786,Форма выпуска,стеклянная бутылка
042691,Форма выпуска,Жидкие сливки
066877,Форма выпуска,жидкие
066877,"Вкус, Добавки",сливочный
066877,Тип упаковки,картонная упаковка
162300,Тип упаковки,картонная упаковка
233440,Форма выпуска,бутылка
233440,Тип упаковки,ПЭТ
225651,Форма выпуска,жидкие
244626,Форма выпуска,бутылка
307187,Форма выпуска,густой
253759,Форма выпуска,жидкое
253759,"Вкус, Добавки",натуральное
238813,Форма выпуска,жидкий
003416,"Вкус, Добавки",Натуральный
003416,Форма выпуска,Шарики
055985,Тип упаковки,Тетрапак
018811,"Вкус, Добавки",шоколад
272741,Форма выпуска,Кусок
224023,Форма выпуска,бутылка
246784,Форма выпуска,питьевой
156465,Форма выпуска,питьевой
313937,Форма выпуска,Круг
235606,Форма выпуска,масса творожная
266082,Форма выпуска,бутылка
226532,Форма выпуска,бутылка
279485,Форма выпуска,жидкое
279485,Тип упаковки,Тетрапак
345763,Форма выпуска,жидкость
345763,Тип упаковки,картонная упаковка
277965,Форма выпуска,брусок
274654,Форма выпуска,Круглая
319743,Тип упаковки,стаканчик
332629,Форма выпуска,густой
231102,Форма выпуска,шар
271447,Форма выпуска,бутылка
336524,Форма выпуска,бутылка
336524,"Вкус, Добавки",натуральный
254814,Форма выпуска,Свежий сыр
276649,Форма выпуска,Рассыпчатый
231212,Форма выпуска,Рассыпчатый
159637,Тип упаковки,стеклянная бутылка
261064,"Вкус, Добавки",Натуральный
224022,Форма выпуска,бутылка
328488,Форма выпуска,банка
225650,Форма выпуска,жидкие
234376,Форма выпуска,жидкие
317991,Форма выпуска,термостатный
275584,Форма выпуска,бутылка
258234,Форма выпуска,стаканчик
258234,Тип упаковки,ПЭТ
453458,"Вкус, Добавки",трюфель
267718,"Вкус, Добавки",Натуральный
233438,Форма выпуска,бутылка
233438,Тип упаковки,ПЭТ
162307,Тип упаковки,стаканчик
183961,Форма выпуска,жидкие
253757,Форма выпуска,бутылка
144081,Форма выпуска,Кусок
274157,Форма выпуска,головка
268965,Тип упаковки,Тетрапак
275112,Нарезка,ломтики
048131,Форма выпуска,Тетрапак
313817,Форма выпуска,Кусок
280436,Форма выпуска,жидкие
298806,"Вкус, Добавки",Натуральный
298806,Тип упаковки,пакет
239639,Форма выпуска,жидкое
239639,Тип упаковки,картонная упаковка
336854,"Вкус, Добавки",соль
336854,Форма выпуска,нежный сыр
235046,Тип упаковки,тетрапак
378267,Форма выпуска,стаканчик
378267,Форма выпуска,пластиковый контейнер
378267,"Вкус, Добавки",классический
378267,Тип упаковки,пластиковый стаканчик
378354,"Вкус, Добавки",торт Дольче Милано
274692,Форма выпуска,брусок
378253,Форма выпуска,стаканчик
378253,Тип упаковки,ПЭТ
272366,"Вкус, Добавки",Натуральное
272366,Форма выпуска,Цельное отборное
166424,"Вкус, Добавки",Классический
480557,Форма выпуска,бутылка
470037,Форма выпуска,пауч
319971,Форма выпуска,Стаканчик
319971,"Вкус, Добавки",Натуральный
003526,Форма выпуска,Кусок
238439,Форма выпуска,Шарики
239085,Форма выпуска,жидкая
243839,Форма выпуска,жидкий
243839,"Вкус, Добавки",бифидобактерии
261278,Форма выпуска,стаканчик
261278,"Вкус, Добавки",натуральный
251381,"Вкус, Добавки",натуральный
283315,Форма выпуска,стаканчик
272102,Форма выпуска,Нарезка
028770,Тип упаковки,Ведерко
233437,Форма выпуска,бутылка
194482,Форма выпуска,кусок
275125,"Вкус, Добавки",Натуральный
339340,Форма выпуска,Рассыпчатый
339340,"Вкус, Добавки",Натуральный
232298,"Вкус, Добавки",Натуральный
339344,Форма выпуска,Рассыпчатый
279903,Форма выпуска,термостатный
257855,"Вкус, Добавки",Натуральный
247680,Форма выпуска,Тетрапак
283308,Форма выпуска,жидкий
283308,Тип упаковки,тетрапак
276080,"Вкус, Добавки",HAVARTI
276080,Тип упаковки,круглый контейнер
334819,Форма выпуска,капсулы
206304,Форма выпуска,бутылка
258240,Форма выпуска,питьевой
042290,Форма выпуска,жидкое
042290,"Вкус, Добавки",натуральное
258966,Форма выпуска,бутылка
306973,Форма выпуска,Рассыпчатый
234387,"Вкус, Добавки",натуральное
327767,"Вкус, Добавки",с печеным яблоком
204912,Форма выпуска,тетрапак
204912,"Вкус, Добавки",легкая
177486,Форма выпуска,кусок
177486,"Вкус, Добавки",Натуральный
044015,Форма выпуска,стаканчик
338041,Форма выпуска,бутылка
110931,Форма выпуска,банка
244625,Форма выпуска,бутылка
178948,Форма выпуска,жидкость
178948,Тип упаковки,тетрапак
223213,Форма выпуска,Кусок
257553,"Вкус, Добавки",Изюм
240518,"Вкус, Добавки",со сливками
254011,Форма выпуска,стаканчик
254011,"Вкус, Добавки",из цельного молока
314767,Форма выпуска,Кусок
192033,Форма выпуска,бутылка
251376,"Вкус, Добавки",натуральный
251376,Тип упаковки,стаканчик
311453,Форма выпуска,брусок
242089,Форма выпуска,бутылка
325573,Форма выпуска,стаканчик
285045,Форма выпуска,стаканчик
285045,Тип упаковки,стаканчик
333574,Форма выпуска,кусок
235780,Форма выпуска,стеклянная банка
274655,Форма выпуска,брусок
274655,"Вкус, Добавки",натуральный
274655,Тип упаковки,без упаковки
275106,Форма выпуска,головка
253770,Тип упаковки,стаканчик
246741,"Вкус, Добавки",витамины D3B6
275119,"Вкус, Добавки",Натуральный
234255,"Вкус, Добавки",Натуральный
252596,Форма выпуска,жидкость
252596,Тип упаковки,тетрапак
188019,Форма выпуска,жидкие
156942,Форма выпуска,Кусок
316393,Форма выпуска,эскимо
000643,Форма выпуска,Тетрапак
000643,"Вкус, Добавки",Натуральный
271467,Форма выпуска,Рассыпчатый
332761,Форма выпуска,стаканчик
307188,Форма выпуска,стаканчик
250238,"Вкус, Добавки",Натуральный
310086,Форма выпуска,Кусок
278930,Форма выпуска,стаканчик
278023,Форма выпуска,стаканчик
278023,"Вкус, Добавки",натуральный
309632,Тип упаковки,Флоу-пак
323309,"Вкус, Добавки",Травы
331498,Форма выпуска,охлажденное мясо
196895,Форма выпуска,Густой
196895,Тип упаковки,Стаканчик
217219,Форма выпуска,Брикет
276567,Форма выпуска,Кусок
238719,Форма выпуска,бутылка
238719,"Вкус, Добавки","3,2%"
217019,Форма выпуска,стаканчик
217019,"Вкус, Добавки",классический
228961,Форма выпуска,шарики
300567,Форма выпуска,целый
228962,"Вкус, Добавки",Натуральный
228962,Тип упаковки,Без обработки
263341,"Вкус, Добавки",ванильный
178947,Форма выпуска,Тетрапак
178947,"Вкус, Добавки",Натуральный
178947,Тип упаковки,Тетрапак
287499,"Вкус, Добавки",Натуральный
299405,Форма выпуска,жидкое
299405,"Вкус, Добавки",натуральный
299405,Тип упаковки,тетрапак
332672,Форма выпуска,бутылка
254009,Форма выпуска,стаканчик
254009,"Вкус, Добавки",из цельного молока
254009,Тип упаковки,ПЭТ
165736,Форма выпуска,жидкое
308995,Форма выпуска,пауч
308995,"Вкус, Добавки","Apples, Strawberries, Bananas & Oats"
308995,Форма выпуска,organic puree
201565,Форма выпуска,Пакет
201565,"Вкус, Добавки",Йодированный белок
201555,Форма выпуска,картонная упаковка
332632,Форма выпуска,Кусок
192114,"Вкус, Добавки",Шоколадный
042810,Форма выпуска,Тетрапак
311457,Форма выпуска,брусок
250237,Форма выпуска,брусок
223211,Нарезка,ломтики
017959,Форма выпуска,Жидкие сливки
017959,"Вкус, Добавки",Натуральный
017959,Тип упаковки,Тетрапак
328628,Тип упаковки,картонная коробка
158731,"Вкус, Добавки",сливочный
328463,Форма выпуска,бутылка
219363,Форма выпуска,Кусок
271436,Форма выпуска,бутылка
264127,Форма выпуска,стаканчик
264127,"Вкус, Добавки",классический
306974,Форма выпуска,Рассыпчатый
251321,Форма выпуска,бутылка
223214,Форма выпуска,Кусок
151271,Форма выпуска,Батончик
279981,"Вкус, Добавки",Натуральный
272398,Тип упаковки,картонная упаковка
347743,Форма выпуска,Кусок
348075,Форма выпуска,бутылка
347747,Форма выпуска,Нарезка
348079,Форма выпуска,бутылка
348079,Тип упаковки,ПЭТ
272120,Форма выпуска,Брикет
042280,Тип упаковки,Тетрапак
350096,Тип упаковки,стаканчик
135731,Форма выпуска,кусок
258933,Форма выпуска,Кусок
258933,"Вкус, Добавки",Натуральный
349583,Форма выпуска,пауч
349583,"Вкус, Добавки",яблочное пюре
349583,Тип упаковки,пауч
164911,Форма выпуска,бутылка
240397,Форма выпуска,жидкость
169560,"Вкус, Добавки",каротиноиды
271536,Форма выпуска,мягкий
262295,Форма выпуска,бутылка
272671,Форма выпуска,стаканчик
244601,Форма выпуска,бутылка
277940,Форма выпуска,головка
257576,"Вкус, Добавки",Паприка
270252,"Вкус, Добавки",Натуральный
278987,Форма выпуска,круглая
278987,"Вкус, Добавки",с плесенью
278987,Тип упаковки,деревянная коробка
297916,Форма выпуска,головка
262301,Форма выпуска,бутылка
312813,Форма выпуска,бутылка
352644,Тип упаковки,картонная упаковка
353851,Форма выпуска,бутылка
290165,Форма выпуска,жидкое
278248,Форма выпуска,картонная упаковка
290845,"Вкус, Добавки",Натуральный
290845,Тип упаковки,Тетрапак
352269,Тип упаковки,картонная коробка
352263,Форма выпуска,жидкие
353494,Форма выпуска,ведерко
283071,Нарезка,Нарезка
352647,Форма выпуска,бутылка
215751,Форма выпуска,бутылка
044893,Форма выпуска,картонная упаковка
215752,Форма выпуска,бутылка
383751,Нарезка,ломтики
351829,Тип упаковки,Тетрапак
408933,Форма выпуска,стаканчик
408933,"Вкус, Добавки",классический
416865,Нарезка,ломтики
410015,"Вкус, Добавки",Натуральный
410015,Форма выпуска,Нарезка
392301,"Вкус, Добавки","малина, маракуйя, мята"
384186,"Вкус, Добавки",ванилин
395706,Форма выпуска,стаканчик
429908,Форма выпуска,Кусок
375460,Форма выпуска,бутылка
392330,"Вкус, Добавки",Натуральный
375457,Форма выпуска,бутылка
394537,Форма выпуска,ведерко
279970,Нарезка,ломтики
399332,"Вкус, Добавки",козий
399332,Форма выпуска,зерненый
382029,Нарезка,ломтики
289914,Форма выпуска,Круглая
465303,"Вкус, Добавки",брауни
465303,"Вкус, Добавки",нуга
392321,Форма выпуска,премиум
461911,"Вкус, Добавки",nocciola
461911,Тип упаковки,контейнер
137898,Форма выпуска,стаканчик
272518,Форма выпуска,Круглый
272518,Тип упаковки,Вакуумная упаковка
326466,Форма выпуска,нарезка
312825,Форма выпуска,крем
312825,"Вкус, Добавки",натуральный
328470,Форма выпуска,бутылка
311643,Форма выпуска,Кусок
231690,Форма выпуска,Яйцо
285183,Форма выпуска,Кубики
282447,Нарезка,Нарезка
276908,Форма выпуска,ломтики
276908,Тип упаковки,пластиковая упаковка
332592,Форма выпуска,термостатный
278213,Нарезка,нарезка
332593,Форма выпуска,термостатный
313833,Форма выпуска,Круг
247217,Нарезка,ломтиками
281027,"Вкус, Добавки",ваниль
252428,Форма выпуска,Нарезка
227946,"Вкус, Добавки",классический
282444,Нарезка,ломтики
332712,Форма выпуска,брусок
332712,"Вкус, Добавки",натуральный
239629,"Вкус, Добавки",с бужениной
239629,"Вкус, Добавки",с белыми грибами
239629,"Вкус, Добавки",с беконом
279977,Нарезка,Кубики
279977,Нарезка,Ломтики
298637,Форма выпуска,жидкие
298637,"Вкус, Добавки",кулинарные
298637,Тип упаковки,картонная упаковка
047596,Форма выпуска,брусок
278079,Форма выпуска,стаканчик
278079,Технология приготовления,греческие технологии
043791,Форма выпуска,стаканчик
043791,"Вкус, Добавки",классическая
330043,Форма выпуска,картонная упаковка
330043,"Вкус, Добавки",натуральный
328482,Форма выпуска,банка
328482,"Вкус, Добавки",натуральный
243286,Форма выпуска,густой
243286,Тип упаковки,стекло
279952,Форма выпуска,густой
017958,Форма выпуска,жидкие
017958,"Вкус, Добавки",сливочный
017958,Тип упаковки,картонная коробка
279971,"Вкус, Добавки",Истинный вкус зрелого сыра
298792,"Вкус, Добавки",Натуральный
235048,"Вкус, Добавки",Без сахара
235048,Тип упаковки,Тетрапак
270228,Форма выпуска,тертый
270228,Тип упаковки,пакет
295173,Нарезка,розетка
295173,Форма выпуска,головка
269567,Форма выпуска,шарики
331318,Форма выпуска,Круг
239607,Форма выпуска,жидкий
239607,"Вкус, Добавки",с пробиотиком
319776,Форма выпуска,термостатная
142490,Форма выпуска,Кусок
227056,Форма выпуска,глазированный
227056,Тип упаковки,картонная коробка
278398,Форма выпуска,густой
341077,Форма выпуска,бутылка
052200,Тип упаковки,баллон
332589,Форма выпуска,термостатный
239606,"Вкус, Добавки",Натуральный
326463,Форма выпуска,брусок
326463,"Вкус, Добавки",натуральный
231453,Форма выпуска,густой
231453,Тип упаковки,стаканчик
114127,Форма выпуска,стаканчик
114127,Тип упаковки,пластиковый стаканчик
332464,"Вкус, Добавки",апельсин
332464,"Вкус, Добавки",личи
332464,"Вкус, Добавки",кокос
339346,Форма выпуска,стаканчик
215665,Тип упаковки,стаканчик
224093,"Вкус, Добавки","дыня, клубника и земляника"
253997,Форма выпуска,стаканчик
261672,Форма выпуска,Нарезка
285039,Форма выпуска,стаканчик
235047,Тип упаковки,Тетрапак
231103,"Вкус, Добавки",Натуральный
231103,Форма выпуска,Творожный
461184,Тип упаковки,вакуумная упаковка
378369,Нарезка,Нарезка
297071,Форма выпуска,брусок
325583,Форма выпуска,жидкое
322460,Форма выпуска,Тетрапак
322460,"Вкус, Добавки",Натуральный
295046,Форма выпуска,Нарезка
295046,"Вкус, Добавки",Натуральный
322553,Форма выпуска,двухслойный
338063,Форма выпуска,стаканчик
329656,Форма выпуска,питьевое
329656,"Вкус, Добавки",Натуральный
329656,Тип упаковки,Тетрапак
331372,Форма выпуска,стаканчик
331372,"Вкус, Добавки",классический
331372,Тип упаковки,пластиковый стаканчик
272111,Форма выпуска,Кусок
274657,Нарезка,ломтики
256573,Форма выпуска,Круглая
335636,"Вкус, Добавки",ягодный
335639,Форма выпуска,густой
335639,Тип упаковки,стаканчик
307272,Форма выпуска,стаканчик
307272,"Вкус, Добавки",сливки
290049,Форма выпуска,стаканчик
290049,"Вкус, Добавки",Натуральный
290049,Тип упаковки,ПЭТ
467831,"Вкус, Добавки",классическая
330178,Нарезка,slices
219150,"Вкус, Добавки",ваниль
322307,"Вкус, Добавки",натуральный
322307,Тип упаковки,ПЭТ
231454,Форма выпуска,стаканчик
231454,Тип упаковки,стаканчик
272851,Нарезка,Cheese slices
270915,"Вкус, Добавки",шоколад
276684,Форма выпуска,стаканчик
322463,Форма выпуска,Яйцо
279916,Форма выпуска,бутылка
279916,"Вкус, Добавки",фермерский
330099,Форма выпуска,жидкие
274669,Форма выпуска,Нарезка
325212,Форма выпуска,Круглая
332594,Форма выпуска,горшочек
272050,Технология приготовления,заморожено
272050,Тип упаковки,коробка
022518,"Вкус, Добавки",Натуральный
298801,"Вкус, Добавки",Натуральный
116943,Форма выпуска,брусок
116943,Способ обработки,высокотемпературная пастеризация
297948,Нарезка,Cheese slices
205568,Форма выпуска,густой
231455,Форма выпуска,стаканчик
231455,Тип упаковки,стаканчик
277635,Нарезка,Нарезка
278199,"Вкус, Добавки",Натуральный
282455,Нарезка,Нарезка
282369,Форма выпуска,головка
215445,Форма выпуска,густой
228047,Форма выпуска,брусок
195132,Тип упаковки,картонная коробка
295306,Нарезка,Нарезка
335656,Нарезка,ломтики
327777,"Вкус, Добавки",Органик
298807,Форма выпуска,стаканчик
298807,Тип упаковки,стаканчик
317420,"Вкус, Добавки",Натуральный
317420,Тип упаковки,Тетрапак
310513,"Вкус, Добавки",Натуральный
237378,Тип упаковки,коробка
338054,Тип упаковки,Тетрапак
338054,"Вкус, Добавки",Натуральный
272888,Форма выпуска,Круглая
312595,"Вкус, Добавки",с укропом
283332,"Вкус, Добавки",Натуральный
274659,Форма выпуска,Круглая
329913,Форма выпуска,бутылка
270947,Форма выпуска,ведерко
133455,Форма выпуска,целое
265089,Форма выпуска,целые
088689,"Вкус, Добавки",шоколадный
347860,Форма выпуска,жидкое
270043,"Вкус, Добавки","овсяные хлопья, кокосовая стружка"
088692,Тип упаковки,картонная упаковка
144280,Форма выпуска,кусок
144280,Нарезка,не нарезка
048980,Форма выпуска,кусочек
239963,Нарезка,ломтики
239963,"Вкус, Добавки",оригинальный
248787,Форма выпуска,питьевой
235288,Форма выпуска,брусок
235288,"Вкус, Добавки",традиционное
235288,Способ обработки,сладкосливочное
284651,Форма выпуска,брусок
270175,"Вкус, Добавки",сливочный
264087,Форма выпуска,стаканчик
264087,"Вкус, Добавки",ваниль
272840,Форма выпуска,стаканчик
272840,Тип упаковки,пластиковый стаканчик
301743,Форма выпуска,густой
239623,"Вкус, Добавки",с салями
239623,"Вкус, Добавки",с лисичками
239623,"Вкус, Добавки",с лососем
272283,Форма выпуска,нарезка
264449,Форма выпуска,целые
352635,Форма выпуска,густой
314341,"Вкус, Добавки",обогащенное
314341,"Вкус, Добавки",D3
314341,"Вкус, Добавки",I
314341,"Вкус, Добавки",Ca
353864,"Вкус, Добавки",сливки
353496,Форма выпуска,ведерко
352878,Форма выпуска,густой
352861,Форма выпуска,густой
047595,Форма выпуска,брусок
335623,Форма выпуска,густой
355304,Форма выпуска,стаканчик
355304,Тип упаковки,ПЭТ
356051,"Вкус, Добавки",Натуральный
350356,Способ обработки,hand cooked
042279,Форма выпуска,жидкость
418250,Форма выпуска,стаканчик
382557,Форма выпуска,стаканчик
396961,Тип упаковки,стакан
390434,Форма выпуска,стаканчик
378315,Форма выпуска,стаканчик
414644,"Вкус, Добавки",Love is
374177,"Вкус, Добавки",белый шоколад
387270,Форма выпуска,шарики
387270,"Вкус, Добавки",рассол
406640,Форма выпуска,порционный
406640,"Вкус, Добавки",ягодный
406640,"Вкус, Добавки",фруктовый
406640,"Вкус, Добавки",ванильный
406640,"Вкус, Добавки",сливочный
406640,"Вкус, Добавки",творожный
423750,Форма выпуска,Творожный сыр
423750,"Вкус, Добавки",Натуральный
407250,Форма выпуска,брусок
407250,"Вкус, Добавки",сливочное традиционное
403022,"Вкус, Добавки",кешью и кокоса
403022,Тип упаковки,банка
376822,Форма выпуска,стаканчик
376822,"Вкус, Добавки",сливки
376822,Способ обработки,ГОСТ
390545,Форма выпуска,Кусок
277289,"Вкус, Добавки",Натуральный
414643,"Вкус, Добавки","голубика, малина"
373071,"Вкус, Добавки",лимон
387351,"Вкус, Добавки",Соя
386044,"Вкус, Добавки",клетчатка
376880,"Вкус, Добавки",ванильный
143684,Тип упаковки,стеклянная бутылка
132115,Форма выпуска,с мякотью
124128,Тип упаковки,Тетрапак
209557,"Вкус, Добавки",100% Арабика
253890,Тип упаковки,пауч
250742,Тип упаковки,Тетрапак
275163,Тип упаковки,Жестяная банка
279578,Форма выпуска,Листовой
292354,Форма выпуска,пакетики
321198,Форма выпуска,Листовой
321198,"Вкус, Добавки","Ассорти, смеси"
321198,Тип упаковки,Пакет
332179,"Вкус, Добавки",Aroma Intenso
304543,Форма выпуска,100% FRUIT JUICE
330006,Форма выпуска,газированный
343445,"Вкус, Добавки",Микс
310361,Форма выпуска,листовой
310361,"Вкус, Добавки",Натуральный
310361,Тип упаковки,Картон
227061,Форма выпуска,сублимированный
227061,"Вкус, Добавки",арабика
321603,Форма выпуска,сублимированный
270026,Форма выпуска,Листовой
270026,"Вкус, Добавки","Ассорти, смеси"
270026,Тип упаковки,Пакет
235944,"Вкус, Добавки",Ginger
235944,"Вкус, Добавки",Mint
235944,"Вкус, Добавки",Jasmine
235944,Форма выпуска,Пакетики
250423,Форма выпуска,сублимированный
332806,Форма выпуска,напиток
332806,Технология приготовления,двойного брожения
332806,Тип упаковки,жестяная банка
191190,Тип упаковки,Жестяная банка
212694,Форма выпуска,сублимированный
173580,Форма выпуска,в зернах
191193,Тип упаковки,Жестяная банка
221094,Форма выпуска,Листовой
221094,"Вкус, Добавки",Бергамот
221094,Тип упаковки,Пакет
228154,Форма выпуска,Листовой
294459,Форма выпуска,Листовой
000303,Форма выпуска,Листовой
124134,Тип упаковки,Тетрапак
241292,Тип упаковки,Жестяная банка
242965,Форма выпуска,Листовой
028769,Форма выпуска,Ведерко
257714,"Вкус, Добавки",Бергамот
257714,Тип упаковки,Жестяная банка
002890,Форма выпуска,В пакетиках
253894,Тип упаковки,пауч
310377,"Вкус, Добавки",бергамот
324377,Тип упаковки,Тетра Расk
232497,Форма выпуска,дой-пак
232497,Тип упаковки,дой-пак
189558,"Вкус, Добавки",Кола
250434,"Вкус, Добавки",Фундук
292327,Форма выпуска,в пакетиках
233037,Способ обработки,Ручная обжарка
242978,Форма выпуска,Листовой
173606,"Вкус, Добавки",Натуральный
250308,"Вкус, Добавки",Бергамот
191198,Тип упаковки,Жестяная банка
325415,Форма выпуска,Листовой
271535,Форма выпуска,Листовой
244196,Форма выпуска,В пакетиках
146755,Форма выпуска,жидкость
313801,"Вкус, Добавки",Мята
005396,Тип упаковки,Тетрапак
124133,Тип упаковки,Тетрапак
028449,Форма выпуска,Листовой
321201,Форма выпуска,Листовой
337375,Форма выпуска,пучок
004964,Тип упаковки,Жестяная банка
191196,Тип упаковки,Жестяная банка
232610,Форма выпуска,сублимированный
257858,Форма выпуска,Нарезка
159171,Форма выпуска,Листовой
191199,Тип упаковки,Жестяная банка
232531,"Вкус, Добавки",Капучино
020596,"Вкус, Добавки",Мята
215867,"Вкус, Добавки",Натуральный
305683,Форма выпуска,жидкость
305683,Тип упаковки,стеклянная бутылка
245861,Тип упаковки,Жестяная банка
321194,Форма выпуска,Листовой
242976,Форма выпуска,Листовой
275136,Тип упаковки,Картон
335631,"Вкус, Добавки","Имбирь, цедра апельсина, лимонная трава, барбарис, кардамон, гвоздика"
256817,Форма выпуска,бутылка
003551,Тип упаковки,Жестяная банка
006890,Форма выпуска,таблетки
250421,Форма выпуска,сублимированный
250421,"Вкус, Добавки",ароматизаторы
310370,Форма выпуска,В пакетиках
310370,"Вкус, Добавки",Натуральный
310370,Тип упаковки,Картон
323622,Форма выпуска,жидкость
230115,"Вкус, Добавки",мате
230115,"Вкус, Добавки",гуарана
285242,"Вкус, Добавки",Нью-Йорк
335640,Тип упаковки,Картон
007033,Тип упаковки,Картон
292358,Форма выпуска,пакетики
100743,Тип упаковки,тетрапак
313799,Форма выпуска,Листовой
257115,"Вкус, Добавки",Желтые фрукты + карамель горький шоколад
244740,Форма выпуска,Листовой
005397,Форма выпуска,жидкость
005397,Тип упаковки,Тетрапак
187205,"Вкус, Добавки",Бергамот
231733,"Вкус, Добавки",карамельный
275659,"Вкус, Добавки",23
313971,Тип упаковки,пауч
030035,Тип упаковки,Пакет
304544,Тип упаковки,тетрапак
250138,Форма выпуска,в пирамидках
221082,Форма выпуска,Листовой
221082,"Вкус, Добавки",Натуральный
221439,Форма выпуска,Листовой
312086,Форма выпуска,Жидкий
312086,Тип упаковки,Стеклянная банка
223719,Форма выпуска,Листовой
178132,Способ обработки,пастеризованный
178132,Тип упаковки,банка
000302,Форма выпуска,Листовой
235793,Тип упаковки,Коробка
226747,Тип упаковки,Картон
332180,"Вкус, Добавки",Arabica
250426,Форма выпуска,сублимированный
253879,Тип упаковки,пауч
229721,"Вкус, Добавки",pink grapefruit & passionfruit
066723,Тип упаковки,стеклянная бутылка
002291,Способ обработки,холодного выпаривания
310360,Форма выпуска,В пакетиках
257715,Тип упаковки,Жестяная банка
257715,"Вкус, Добавки",корица
257715,"Вкус, Добавки",черный перец
257715,"Вкус, Добавки",гвоздика
257715,"Вкус, Добавки",мускатный орех
257715,"Вкус, Добавки",кардамон
257715,"Вкус, Добавки",ароматизатор натуральный
227790,"Вкус, Добавки",ягодный
304546,Форма выпуска,100% Fruit Juice
304546,"Вкус, Добавки",HIGH VITAMIN C
305679,Форма выпуска,жидкость
270039,Форма выпуска,Листовой
270039,"Вкус, Добавки","Ассорти, смеси"
270039,Тип упаковки,Пакет
244554,Форма выпуска,порошок
134278,Форма выпуска,чай в пакетиках
233040,"Вкус, Добавки","Ежевика, Карамель, Какао"
304542,"Вкус, Добавки",HIGH VITAMIN C
304542,Тип упаковки,тетрапак
267983,"Вкус, Добавки",лимон
267983,"Вкус, Добавки",лайм
267983,"Вкус, Добавки",молочный улун
267983,"Вкус, Добавки",жасмин
267983,"Вкус, Добавки",мята
266479,Тип упаковки,стекло
455793,Тип упаковки,стеклянная банка
279136,Форма выпуска,жидкий
279136,Тип упаковки,картонная коробка
235848,Тип упаковки,пакет
016106,"Вкус, Добавки","аниса, крапивы, фенхеля, тмина, мелиссы и галеги"
067246,Тип упаковки,Картон
241624,Форма выпуска,кристаллический
003649,Форма выпуска,пакетики
218513,Тип упаковки,Пакет
233045,Способ обработки,Ручная обжарка
161779,Тип упаковки,Пакет
321202,Форма выпуска,Листовой
321202,Тип упаковки,Пакет
110630,Тип упаковки,Стекло
208063,Тип упаковки,ПЭТ
233044,Способ обработки,ручная обжарка
233210,Форма выпуска,Листовой
271593,Тип упаковки,Подарочная упаковка
256813,Тип упаковки,стеклянная бутылка
310374,"Вкус, Добавки",Натуральный
323602,Форма выпуска,Бутылка
250310,"Вкус, Добавки",Натуральный
250310,Тип упаковки,Картон
312887,Форма выпуска,гроздь
014855,Форма выпуска,пакетики
016137,Тип упаковки,Тетрапак
209556,Тип упаковки,пакет
271572,Тип упаковки,Подарочная упаковка
335643,"Вкус, Добавки","Ассорти, смеси"
271622,Тип упаковки,Подарочная упаковка
267584,"Вкус, Добавки",насыщенный вкус
267584,Способ обработки,раздельнaя обжаркa зерен
267584,"Вкус, Добавки",с молотой арабикой
250428,"Вкус, Добавки",Бразильский
187197,"Вкус, Добавки",Натуральный
015055,Тип упаковки,Ведерко
214779,Тип упаковки,Жестяная банка
250436,Тип упаковки,Пакет
201449,Тип упаковки,стеклянная банка
181149,"Вкус, Добавки",Без сахара
279604,Тип упаковки,Жестяная банка
284237,Тип упаковки,стеклянная бутылка
230833,Нарезка,ломтики
214224,Тип упаковки,Жестяная банка
093073,Тип упаковки,Подарочная упаковка
191195,Тип упаковки,Жестяная банка
233043,Технология приготовления,ручная обжарка
231443,Форма выпуска,пучок
212693,Форма выпуска,сублимированный
021764,Форма выпуска,Листовой
250734,Форма выпуска,с мякотью
277527,Форма выпуска,порошок
313973,Форма выпуска,пауч
313973,"Вкус, Добавки",клетчатка
313973,Тип упаковки,пауч
000836,Форма выпуска,сублимированный
015264,Форма выпуска,Листовой
214780,Тип упаковки,Жестяная банка
097251,Форма выпуска,целый
145876,"Вкус, Добавки",Бергамот
007616,Способ обработки,темнообжаренный
173041,Тип упаковки,стеклянная бутылка
257971,Способ обработки,Темнообжаренный
257971,Тип упаковки,Пакет
000066,Тип упаковки,Тетрапак
232227,Форма выпуска,целые звездочки
212479,Форма выпуска,в пакетиках
212531,"Вкус, Добавки",мята
242974,Тип упаковки,Картон
242977,Форма выпуска,Листовой
254961,Форма выпуска,гранулы
254961,Технология приготовления,In-FI TECHNOLOGY
238286,Тип упаковки,картонная упаковка
090827,Форма выпуска,бутылка
090827,Тип упаковки,ПЭТ
271724,Тип упаковки,Подарочная упаковка
250387,Форма выпуска,Шарики
250387,"Вкус, Добавки",Цветочный
250387,Тип упаковки,Картонная коробка
165441,Форма выпуска,Бутылка
165441,Тип упаковки,Стекло
324169,Форма выпуска,жидкость
272125,Тип упаковки,пакет
252396,Тип упаковки,картонная упаковка
260614,Технология приготовления,средняя обжарка
165577,"Вкус, Добавки",лимон
003316,Тип упаковки,картонная упаковка
175638,Форма выпуска,целый
219371,Тип упаковки,коробка
223913,Форма выпуска,Листовой
326707,Форма выпуска,жидкость
261077,Форма выпуска,целый
235943,"Вкус, Добавки",Assam
235943,"Вкус, Добавки",Darjeeling
235943,"Вкус, Добавки",Earl Grey
235943,"Вкус, Добавки",English Breakfast
235943,Форма выпуска,в пакетиках
273615,Форма выпуска,сетка
273615,Тип упаковки,сетка
257018,Форма выпуска,нектар
088766,"Вкус, Добавки",CLASSICO
088766,"Вкус, Добавки",CLASSIC ROAST
088766,"Вкус, Добавки",КЛАССИЧЕСКАЯ ОБЖАРКА
088766,"Вкус, Добавки",illy blend
088766,"Вкус, Добавки",Мягкий и СБАЛАНСИРОВАННЫЙ
088766,"Вкус, Добавки",MILD AND BALANCED
088766,Форма выпуска,COFFEE BEANS
088766,Форма выпуска,КОФЕ ЗЕРНОВОЙ
337775,Форма выпуска,пирамидка
353545,Тип упаковки,Тетрапак
349576,Форма выпуска,осветленный
336868,"Вкус, Добавки",Ваниль
350063,Тип упаковки,Жестяная банка
430526,Тип упаковки,банка
409287,Форма выпуска,дой-пак
424127,"Вкус, Добавки",сладкий перец
386259,Форма выпуска,жидкость
213402,Тип упаковки,пакет
237351,Нарезка,нарезанный
417574,Тип упаковки,картонная упаковка
249559,"Вкус, Добавки",фундук
125415,"Вкус, Добавки",75% какао
216202,"Вкус, Добавки",Без добавок
001068,Тип упаковки,Подарочная упаковка
326494,"Вкус, Добавки",Шоколадный
118894,Форма выпуска,плитка
116516,"Вкус, Добавки",шоколад
116516,"Вкус, Добавки",карамель
121522,Тип упаковки,банка
316108,Способ обработки,содержит агар-агар
462976,"Вкус, Добавки",мята
249994,Тип упаковки,пакет
002583,Форма выпуска,Плитка
251104,"Вкус, Добавки",Молочный шоколад
001053,Форма выпуска,Батончик
220110,Форма выпуска,порционная
005298,"Вкус, Добавки",без добавления сахарозы
276866,Тип упаковки,Подарочная упаковка
337088,Форма выпуска,плитка
337088,Тип упаковки,обертка
336603,"Вкус, Добавки",изюм
001609,"Вкус, Добавки",Rum-Frucht
001609,"Вкус, Добавки",Rosenwalzer
001609,"Вкус, Добавки",Schloss Malakoff
001609,"Вкус, Добавки",Bissen
224214,Текстура корма,нежная текстура
038547,"Вкус, Добавки",с цельным миндалем
038547,Форма выпуска,плитка
232917,"Вкус, Добавки",Ассорти
328667,"Вкус, Добавки",орех фундука
205205,Форма выпуска,Джем
205205,Тип упаковки,банка
214368,"Вкус, Добавки",Без добавок
240631,"Вкус, Добавки",Без добавок
240631,Форма выпуска,Плитка
243808,"Вкус, Добавки",миндаль
374758,Форма выпуска,подарочный набор
000958,"Вкус, Добавки",Молочный шоколад
000958,Тип упаковки,Коробка
371827,"Вкус, Добавки",медовый
328678,Тип упаковки,подарочная коробка
122539,"Вкус, Добавки",фисташки
122539,"Вкус, Добавки",миндаль
122539,"Вкус, Добавки",лесные орехи
122539,Форма выпуска,сердце
329136,Форма выпуска,конфеты
247032,Тип упаковки,Стеклянная банка
003460,"Вкус, Добавки",Лесные орехи
231133,"Вкус, Добавки",миндаль
220098,Форма выпуска,снеки
328664,Тип упаковки,подарочная коробка
204152,Форма выпуска,порционный
280787,"Вкус, Добавки",карамелизованное сухое молоко
247030,Форма выпуска,кремообразный
247030,Тип упаковки,стеклянная банка
152507,"Вкус, Добавки",Акациевый
152507,Тип упаковки,Банка
196107,Форма выпуска,брикет
005218,Форма выпуска,плитка
206310,Форма выпуска,плитка
467580,"Вкус, Добавки",миндальный брауни
247095,Форма выпуска,кубики
237620,"Вкус, Добавки",ассорти
279205,"Вкус, Добавки",арахис
053542,Тип упаковки,подарочный набор
281030,"Вкус, Добавки",ваниль
382879,Форма выпуска,плитка
382881,Форма выпуска,Плитка
407969,Тип упаковки,Плитка
378411,Тип упаковки,Банка
385348,Форма выпуска,кусочки
397618,Тип упаковки,Ведерко
403695,Форма выпуска,десерт
403695,Тип упаковки,стакан
263981,"Вкус, Добавки",С добавками
407992,Тип упаковки,Плитка
412152,Форма выпуска,плитка
219923,Форма выпуска,плитка
184728,"Вкус, Добавки",миндаль
184728,Тип упаковки,коробка
469333,"Вкус, Добавки",100% какао
275070,"Вкус, Добавки",шоколадные пралине с дробленым фундуком
308544,Форма выпуска,жидкий
472467,Тип упаковки,банка
465560,Форма выпуска,Ассорти
465560,Тип упаковки,Коробка
329261,Форма выпуска,плитка
465558,"Вкус, Добавки",темный шоколад
353846,"Вкус, Добавки",морская соль
353846,Форма выпуска,плитка
352466,"Вкус, Добавки",орехи
349222,Форма выпуска,плитка
353301,"Вкус, Добавки",спекуляциус
482954,Форма выпуска,батончик
360897,Форма выпуска,Плитка
355447,"Вкус, Добавки",молоко
388204,"Вкус, Добавки",классические
388204,Тип упаковки,жестяная коробка
442988,Тип упаковки,пакет
479590,"Вкус, Добавки",с кунжутом
427364,"Вкус, Добавки",с насыщенным вкусом из Перу
388215,Форма выпуска,плитка
388215,"Вкус, Добавки",ваниль
487447,Форма выпуска,4 шт.
434366,Форма выпуска,плитка
434366,Тип упаковки,коробка
434407,"Вкус, Добавки",Какао
434407,Тип упаковки,Жестяная банка
451690,"Вкус, Добавки",с подсластителем мальтит
444670,"Вкус, Добавки",ванилин
359704,Форма выпуска,Плитка
479723,Форма выпуска,жидкий
329120,Форма выпуска,нарезка
475328,"Вкус, Добавки",красная смородина
475328,"Вкус, Добавки",яблоко
475328,"Вкус, Добавки",ростки ячменя
475328,"Вкус, Добавки",шпинат
475328,"Вкус, Добавки",апельсин
475328,"Вкус, Добавки",тыква
475328,Форма выпуска,леденец
462329,"Вкус, Добавки",Le Praline
363046,Форма выпуска,конфеты
363046,Тип упаковки,коробка
363703,Форма выпуска,плитка
362980,"Вкус, Добавки",лесные орехи
363704,Форма выпуска,Плитка
477761,Форма выпуска,пирожное
476572,"Вкус, Добавки",Cassonnade
396560,Тип упаковки,стакан
375525,Форма выпуска,Стаканчик
420521,Тип упаковки,пакет
394479,Форма выпуска,кубики
394479,"Вкус, Добавки",айва
383316,"Вкус, Добавки",Из Питера с любовью!
382894,Форма выпуска,брикет
427468,Форма выпуска,эскимо
410020,"Вкус, Добавки",базилик
410020,"Вкус, Добавки",имбирь
410020,Тип упаковки,пакет
408424,"Вкус, Добавки",ягоды
1015953,Форма выпуска,пластиковая бутылка
1015953,Способ обработки,без сахара
1015379,"Вкус, Добавки",белый шоколад
1014990,"Вкус, Добавки",миндаль
1014990,"Вкус, Добавки",арахис
1014990,"Вкус, Добавки",шоколад
1014990,Тип упаковки,коробка
1017134,"Вкус, Добавки",какао
1016676,"Вкус, Добавки","корица, куркума, бадьян, кардамон, имбирь, гвоздика"
1016676,Тип упаковки,банка
450459,"Вкус, Добавки",молочный с бананом
367768,Тип упаковки,Флоу-пак
433402,"Вкус, Добавки",кешью
433403,"Вкус, Добавки",ваниль
1015030,Форма выпуска,порошок
441956,"Вкус, Добавки",Малина
441342,Форма выпуска,конфеты
441342,Тип упаковки,жестяная банка
441343,"Вкус, Добавки",белый шоколад
402762,Форма выпуска,конфеты
445788,"Вкус, Добавки",без сахара
402764,Тип упаковки,пакет
479130,"Вкус, Добавки",арахисовое масло
479130,"Вкус, Добавки",сливки горькие
510396,Форма выпуска,плитка
488895,Тип упаковки,коробка
495497,Форма выпуска,плитка
489195,Форма выпуска,плитка
489195,Тип упаковки,обертка
510607,"Вкус, Добавки",миндаль
493047,"Вкус, Добавки",грильяж
487475,Тип упаковки,Пакет
488928,Форма выпуска,плитка
484102,Форма выпуска,леденец
475793,"Вкус, Добавки",зелёное яблоко
475793,"Вкус, Добавки",клубника
475793,"Вкус, Добавки",манго
507204,Форма выпуска,Кусочки
501616,"Вкус, Добавки",молочный шоколад
506221,"Вкус, Добавки",ORGANIC CHOCOLATE
493048,Технология приготовления,мягкий грильяж
499650,Форма выпуска,плитка
500110,"Вкус, Добавки",темный шоколад
500110,"Вкус, Добавки",орехи
168291,Форма выпуска,конфеты
